game_id,move_number,player,clock,move,best_score,played_score,engine_depth
Chess.com-2024.01.02,75,FormerProdigy,9.9,c2c4,0,0,20
Chess.com-2024.01.02,77,FormerProdigy,7.8,b7c7,199,136,20
Chess.com-2024.01.02,79,FormerProdigy,5.7,g2h2,130,112,20
Chess.com-2024.01.02,81,FormerProdigy,5.5,b4b3,365,342,20
Chess.com-2024.01.02,83,FormerProdigy,4.4,b3b2,409,397,20
Chess.com-2024.01.02,85,FormerProdigy,4.4,h2e2,515,383,20
Chess.com-2024.01.02,87,FormerProdigy,4.0,c7b6,379,2,20
Chess.com-2024.01.02,89,FormerProdigy,3.7,c4b4,596,450,20
Chess.com-2024.01.02,91,FormerProdigy,2.9,b6c7,488,484,20
Chess.com-2024.01.02,93,FormerProdigy,3.2,c6e4,628,623,20
Chess.com-2024.01.02,95,FormerProdigy,3.1,e2e4,654,653,20
Chess.com-2024.01.02,97,FormerProdigy,4.0,h5h4,700,0,20
Chess.com-2024.01.02,99,FormerProdigy,3.3,e4c4,1020,1103,20
Chess.com-2024.01.02,101,FormerProdigy,3.3,c7b6,1121,890,20
Chess.com-2024.01.02,103,FormerProdigy,3.7,c4c1,5408,6032,20
Chess.com-2024.01.02,105,FormerProdigy,3.5,b6b5,6022,5534,20
Chess.com-2024.01.02,107,FormerProdigy,3.5,b5a4,6032,5604,20
Chess.com-2024.01.02,77,FormerProdigy,5.8,d6c5,62,59,20
Chess.com-2024.01.02,79,FormerProdigy,6.7,c5c3,68,0,20
Chess.com-2024.01.02,81,FormerProdigy,6.8,g8g7,69,59,20
Chess.com-2024.01.02,83,FormerProdigy,6.4,c8b8,55,60,20
Chess.com-2024.01.02,85,FormerProdigy,5.9,c3f3,73,78,20
Chess.com-2024.01.02,87,FormerProdigy,5.8,b8b2,76,55,20
Chess.com-2024.01.02,89,FormerProdigy,5.9,g7f6,70,69,20
Chess.com-2024.01.02,91,FormerProdigy,5.7,f6e7,71,54,20
Chess.com-2024.01.02,93,FormerProdigy,5.6,f7f6,51,41,20
Chess.com-2024.01.02,95,FormerProdigy,5.5,e7d6,44,0,20
Chess.com-2024.01.02,97,FormerProdigy,5.1,g6g5,0,-16,20
Chess.com-2024.01.02,99,FormerProdigy,3.6,f6g5,-13,-4,20
Chess.com-2024.01.02,101,FormerProdigy,4.5,b2b3,0,0,20
Chess.com-2024.01.02,103,FormerProdigy,4.0,g5f4,0,-10,20
Chess.com-2024.01.02,105,FormerProdigy,4.2,b3a3,-2,-7,20
Chess.com-2024.01.02,107,FormerProdigy,4.1,d6e6,-19,-1,20
Chess.com-2024.01.02,109,FormerProdigy,4.4,e6f6,0,0,20
Chess.com-2024.01.02,111,FormerProdigy,3.6,a3a5,0,-18,20
Chess.com-2024.01.02,113,FormerProdigy,3.2,a5a3,0,0,20
Chess.com-2024.01.02,115,FormerProdigy,3.1,a3a2,0,0,20
Chess.com-2024.01.02,117,FormerProdigy,2.8,a2a3,0,0,20
Chess.com-2024.01.02,65,FormerProdigy,9.4,f1c4,-146,-185,20
Chess.com-2024.01.02,67,FormerProdigy,9.9,f7f5,-162,-165,20
Chess.com-2024.01.02,69,FormerProdigy,7.0,g8f7,-141,-126,20
Chess.com-2024.01.02,71,FormerProdigy,6.1,c8d8,-154,-293,20
Chess.com-2024.01.02,73,FormerProdigy,3.1,d8d5,-300,-291,20
Chess.com-2024.01.02,75,FormerProdigy,3.7,c4d5,-289,-299,20
Chess.com-2024.01.02,77,FormerProdigy,4.6,f7e6,-288,-293,20
Chess.com-2024.01.02,79,FormerProdigy,3.7,g6g5,-296,-407,20
Chess.com-2024.01.02,81,FormerProdigy,4.0,a7a6,-299,-304,20
Chess.com-2024.01.02,83,FormerProdigy,3.2,e6f6,-261,-248,20
Chess.com-2024.01.02,85,FormerProdigy,3.4,b6b5,-234,-244,20
Chess.com-2024.01.02,87,FormerProdigy,3.9,f5f4,-152,-179,20
Chess.com-2024.01.02,89,FormerProdigy,3.0,g5f4,-164,-153,20
Chess.com-2024.01.02,91,FormerProdigy,3.9,d5c4,-142,-238,20
Chess.com-2024.01.02,93,FormerProdigy,3.8,a6a5,-131,-150,20
Chess.com-2024.01.02,95,FormerProdigy,3.8,b5b4,-117,-339,20
Chess.com-2024.01.02,97,FormerProdigy,3.2,b4b3,-319,-331,20
Chess.com-2024.01.02,99,FormerProdigy,3.7,c4f7,-325,-317,20
Chess.com-2024.01.02,101,FormerProdigy,2.5,f7e8,-312,-319,20
Chess.com-2024.01.02,103,FormerProdigy,1.4,f6e7,-322,-319,20
Chess.com-2024.01.02,105,FormerProdigy,2.3,e7d7,-305,-305,20
Chess.com-2024.01.02,107,FormerProdigy,2.9,d7c6,-313,-325,20
Chess.com-2024.01.02,109,FormerProdigy,3.6,e8d7,-325,-325,20
Chess.com-2024.01.02,111,FormerProdigy,2.7,c6b7,-325,-335,20
Chess.com-2024.01.02,113,FormerProdigy,3.2,b7a6,-311,-515,20
Chess.com-2024.01.02,115,FormerProdigy,3.6,d7c6,-325,-579,20
Chess.com-2024.01.02,117,FormerProdigy,3.3,c6f3,-402,-405,20
Chess.com-2024.01.02,119,FormerProdigy,3.1,f3g2,-390,-407,20
Chess.com-2024.01.02,121,FormerProdigy,3.3,g2c6,-384,-411,20
Chess.com-2024.01.02,123,FormerProdigy,3.3,c6d7,-415,-456,20
Chess.com-2024.01.02,125,FormerProdigy,3.1,d7c6,-408,-420,20
Chess.com-2024.01.02,127,FormerProdigy,3.3,c6d7,-437,-546,20
Chess.com-2024.01.02,129,FormerProdigy,3.5,d7c6,-609,-1214,20
Chess.com-2024.01.02,131,FormerProdigy,3.6,a6b5,-6017,-6018,20
Chess.com-2024.01.02,133,FormerProdigy,4.0,c6g2,-6017,-5895,20
Chess.com-2024.01.02,135,FormerProdigy,3.3,b5a6,-538,-5709,20
Chess.com-2024.01.02,137,FormerProdigy,3.0,g2d5,-5718,-6012,20
Chess.com-2024.01.02,139,FormerProdigy,1.8,a6b5,-5661,-5587,20
Chess.com-2024.01.02,141,FormerProdigy,2.4,d5f3,-5722,-5919,20
Chess.com-2024.01.02,143,FormerProdigy,2.6,f3a8,-5709,-5836,20
Chess.com-2024.01.02,145,FormerProdigy,2.5,b5b6,-5495,-5548,20
Chess.com-2024.01.02,147,FormerProdigy,1.8,b6c7,0,0,20
Chess.com-2024.01.02,149,FormerProdigy,2.7,c7c8,0,-18,20
Chess.com-2024.01.02,151,FormerProdigy,3.6,c8c7,0,0,20
Chess.com-2024.01.02,153,FormerProdigy,4.5,c7c8,0,0,20
Chess.com-2024.01.02,155,FormerProdigy,5.4,c8c7,0,0,20
Chess.com-2024.01.02,157,FormerProdigy,6.3,c7c8,0,0,20
Chess.com-2024.01.02,159,FormerProdigy,7.2,c8c7,0,0,20
Chess.com-2024.01.02,161,FormerProdigy,8.1,c7c8,0,0,20
Chess.com-2024.01.02,163,FormerProdigy,9.0,c8c7,0,0,20
Chess.com-2024.01.02,165,FormerProdigy,9.9,c7c8,0,0,20
Chess.com-2024.01.09,58,FormerProdigy,8.7,f3f2,497,500,20
Chess.com-2024.01.09,60,FormerProdigy,9.6,a2a4,482,496,20
Chess.com-2024.01.09,62,FormerProdigy,7.1,d4e3,503,472,20
Chess.com-2024.01.09,64,FormerProdigy,6.0,c3c4,555,344,20
Chess.com-2024.01.09,66,FormerProdigy,5.3,f4d4,360,298,20
Chess.com-2024.01.09,68,FormerProdigy,3.3,d4d5,252,224,20
Chess.com-2024.01.09,70,FormerProdigy,3.3,d5g5,250,236,20
Chess.com-2024.01.09,72,FormerProdigy,3.6,e1e2,223,263,20
Chess.com-2024.01.09,74,FormerProdigy,3.6,f2f3,261,272,20
Chess.com-2024.01.09,76,FormerProdigy,3.0,e3f4,686,-656,20
Chess.com-2024.01.09,78,FormerProdigy,3.3,e2e4,776,802,20
Chess.com-2024.01.09,80,FormerProdigy,3.3,f3e4,5422,5487,20
Chess.com-2024.01.09,82,FormerProdigy,4.2,g5g7,5921,6654,20
Chess.com-2024.01.09,84,FormerProdigy,4.5,g7c7,6716,,20
Chess.com-2024.01.09,86,FormerProdigy,5.4,c7c3,,,20
Chess.com-2024.01.09,88,FormerProdigy,6.3,c3c1,,,20
Chess.com-2024.01.09,90,FormerProdigy,7.0,g4g5,,,20
Chess.com-2024.01.09,92,FormerProdigy,7.9,g5g6,,,20
Chess.com-2024.01.09,94,FormerProdigy,8.8,g6g7,,,20
Chess.com-2024.01.09,96,FormerProdigy,9.7,g7g8q,,,20
Chess.com-2024.01.09,98,FormerProdigy,9.6,g8c4,,,20
Chess.com-2024.01.09,81,FormerProdigy,6.7,e4d4,860,715,20
Chess.com-2024.01.09,83,FormerProdigy,7.2,d4h4,961,1010,20
Chess.com-2024.01.09,85,FormerProdigy,4.9,h4c4,1130,1153,20
Chess.com-2024.01.09,87,FormerProdigy,5.0,c4d3,1164,1161,20
Chess.com-2024.01.09,89,FormerProdigy,4.9,d3c4,1153,1153,20
Chess.com-2024.01.09,80,FormerProdigy,6.0,b6c8,326,376,20
Chess.com-2024.01.09,82,FormerProdigy,6.9,c8d6,423,369,20
Chess.com-2024.01.09,84,FormerProdigy,3.7,d1c1,499,293,20
Chess.com-2024.01.09,86,FormerProdigy,4.0,c1c2,312,274,20
Chess.com-2024.01.09,88,FormerProdigy,4.9,f1f2,278,114,20
Chess.com-2024.01.09,90,FormerProdigy,3.4,g2g3,175,210,20
Chess.com-2024.01.09,92,FormerProdigy,3.8,g3g4,184,176,20
Chess.com-2024.01.09,94,FormerProdigy,4.1,c2c8,188,184,20
Chess.com-2024.01.09,96,FormerProdigy,2.5,f2e2,191,176,20
Chess.com-2024.01.09,98,FormerProdigy,2.8,c8c5,203,198,20
Chess.com-2024.01.09,100,FormerProdigy,2.7,e2f3,194,194,20
Chess.com-2024.01.09,102,FormerProdigy,2.9,c5f5,194,188,20
Chess.com-2024.01.09,104,FormerProdigy,3.0,f3e4,192,202,20
Chess.com-2024.01.09,106,FormerProdigy,3.5,f5e5,274,204,20
Chess.com-2024.01.09,108,FormerProdigy,2.4,e5f5,197,201,20
Chess.com-2024.01.09,110,FormerProdigy,2.8,e4d5,295,292,20
Chess.com-2024.01.09,112,FormerProdigy,3.3,f5g5,483,487,20
Chess.com-2024.01.09,114,FormerProdigy,2.6,g5f5,502,445,20
Chess.com-2024.01.09,116,FormerProdigy,2.6,f5f7,648,718,20
Chess.com-2024.01.09,118,FormerProdigy,1.9,d5e6,874,931,20
Chess.com-2024.01.09,120,FormerProdigy,2.6,g4g5,1196,934,20
Chess.com-2024.01.09,122,FormerProdigy,3.2,g5g6,5295,1136,20
Chess.com-2024.01.09,124,FormerProdigy,4.1,f7f3,5304,5329,20
Chess.com-2024.01.09,126,FormerProdigy,4.4,f3f7,5312,5440,20
Chess.com-2024.01.09,128,FormerProdigy,5.3,g6g7,5442,5442,20
Chess.com-2024.01.09,130,FormerProdigy,6.2,f7g7,5442,5442,20
Chess.com-2024.01.09,84,FormerProdigy,7.2,g3f3,953,1070,20
Chess.com-2024.01.09,86,FormerProdigy,7.1,h5f3,1300,1462,20
Chess.com-2024.01.09,88,FormerProdigy,8.0,f3g2,7292,2438,20
Chess.com-2024.01.09,90,FormerProdigy,7.8,g2f1,7794,7802,20
Chess.com-2024.01.09,53,FormerProdigy,9.9,a7b8,-206,-188,20
Chess.com-2024.01.09,55,FormerProdigy,8.4,e8g8,126,-436,20
Chess.com-2024.01.09,57,FormerProdigy,7.9,g6g5,-476,-738,20
Chess.com-2024.01.09,59,FormerProdigy,8.2,g5f4,-96,-78,20
Chess.com-2024.01.09,61,FormerProdigy,8.1,d5e6,137,171,20
Chess.com-2024.01.09,63,FormerProdigy,3.4,g8g7,270,250,20
Chess.com-2024.01.09,65,FormerProdigy,3.7,f7f5,535,530,20
Chess.com-2024.01.09,67,FormerProdigy,2.6,f8b8,535,540,20
Chess.com-2024.01.09,69,FormerProdigy,3.5,f5g4,558,536,20
Chess.com-2024.01.09,71,FormerProdigy,3.8,g7f6,570,554,20
Chess.com-2024.01.09,73,FormerProdigy,4.1,e6d5,575,-10,20
Chess.com-2024.01.09,75,FormerProdigy,3.7,f6g5,-12,-10,20
Chess.com-2024.01.09,77,FormerProdigy,4.1,g5g4,-8,-12,20
Chess.com-2024.01.09,79,FormerProdigy,4.3,g4f5,-9,-6,20
Chess.com-2024.01.09,81,FormerProdigy,5.0,b7b6,0,0,20
Chess.com-2024.01.09,83,FormerProdigy,4.4,d5c4,2,0,20
Chess.com-2024.01.09,85,FormerProdigy,4.6,c4b5,1,-427,20
Chess.com-2024.01.09,87,FormerProdigy,4.1,b5c6,-517,-515,20
Chess.com-2024.01.09,89,FormerProdigy,3.9,b6b5,-37,-29,20
Chess.com-2024.01.09,91,FormerProdigy,3.5,c6b7,0,0,20
Chess.com-2024.01.09,93,FormerProdigy,3.2,f5e5,0,0,20
Chess.com-2024.01.09,95,FormerProdigy,3.0,e5d4,0,0,20
Chess.com-2024.01.09,97,FormerProdigy,1.8,d4e5,0,0,20
Chess.com-2024.01.09,99,FormerProdigy,2.0,b5b4,0,0,20
Chess.com-2024.01.09,101,FormerProdigy,1.8,b4b3,0,0,20
Chess.com-2024.01.09,103,FormerProdigy,2.2,b3b2,0,0,20
Chess.com-2024.01.09,105,FormerProdigy,2.7,e5e4,0,0,20
Chess.com-2024.01.09,107,FormerProdigy,3.1,b7c6,0,0,20
Chess.com-2024.01.09,109,FormerProdigy,3.5,e4e5,0,0,20
Chess.com-2024.01.09,111,FormerProdigy,4.4,c6b5,18,12,20
Chess.com-2024.01.09,113,FormerProdigy,4.4,b5d7,0,0,20
Chess.com-2024.01.09,108,FormerProdigy,9.7,f3a8,472,469,20
Chess.com-2024.01.09,110,FormerProdigy,5.2,g1h1,403,439,20
Chess.com-2024.01.09,143,FormerProdigy,8.0,f7g7,,5386,20
Chess.com-2024.01.09,145,FormerProdigy,7.5,g7g8,,,20
Chess.com-2024.01.09,147,FormerProdigy,8.0,g8a8,,,20
Chess.com-2024.01.09,96,FormerProdigy,9.5,g1e3,0,0,20
Chess.com-2024.01.09,98,FormerProdigy,8.6,c1d1,0,-2,20
Chess.com-2024.01.09,100,FormerProdigy,8.4,e3g1,0,0,20
Chess.com-2024.01.09,102,FormerProdigy,8.5,g1d4,0,0,20
Chess.com-2024.01.09,104,FormerProdigy,7.9,d4e3,0,0,20
Chess.com-2024.01.09,106,FormerProdigy,7.0,d1c1,0,0,20
Chess.com-2024.01.09,108,FormerProdigy,6.5,e3g1,0,0,20
Chess.com-2024.01.09,110,FormerProdigy,6.7,c1d1,0,0,20
Chess.com-2024.01.09,112,FormerProdigy,6.5,d1b1,0,0,20
Chess.com-2024.01.09,114,FormerProdigy,6.3,e4f5,0,0,20
Chess.com-2024.01.09,116,FormerProdigy,6.2,b1d1,0,0,20
Chess.com-2024.01.09,118,FormerProdigy,5.9,d1c1,0,0,20
Chess.com-2024.01.09,120,FormerProdigy,6.0,c1b1,0,0,20
Chess.com-2024.01.09,122,FormerProdigy,5.3,b1e1,0,0,20
Chess.com-2024.01.09,124,FormerProdigy,5.4,e1c1,0,0,20
Chess.com-2024.01.09,126,FormerProdigy,4.8,c1e1,0,0,20
Chess.com-2024.01.09,128,FormerProdigy,4.7,e1d1,0,0,20
Chess.com-2024.01.09,130,FormerProdigy,4.9,d1b1,0,0,20
Chess.com-2024.01.09,132,FormerProdigy,4.3,b1a1,0,0,20
Chess.com-2024.01.09,134,FormerProdigy,4.4,g1e3,0,0,20
Chess.com-2024.01.09,136,FormerProdigy,4.6,h1g1,0,0,20
Chess.com-2024.01.09,138,FormerProdigy,4.7,e3f2,28,35,20
Chess.com-2024.01.09,140,FormerProdigy,5.2,g1f1,32,32,20
Chess.com-2024.01.09,142,FormerProdigy,6.1,f1e2,32,36,20
Chess.com-2024.01.09,144,FormerProdigy,6.4,e2d3,38,21,20
Chess.com-2024.01.09,146,FormerProdigy,6.6,f2g1,0,0,20
Chess.com-2024.01.09,148,FormerProdigy,6.4,g1f2,0,0,20
Chess.com-2024.01.09,150,FormerProdigy,6.9,f2b6,0,0,20
Chess.com-2024.01.09,152,FormerProdigy,7.1,b6f2,0,0,20
Chess.com-2024.01.09,154,FormerProdigy,7.6,f2b6,0,0,20
Chess.com-2024.01.09,156,FormerProdigy,7.7,b6f2,0,0,20
Chess.com-2024.01.09,158,FormerProdigy,8.3,f2d4,0,0,20
Chess.com-2024.01.09,160,FormerProdigy,8.4,d4c3,0,0,20
Chess.com-2024.01.09,162,FormerProdigy,8.2,c3d4,0,0,20
Chess.com-2024.01.09,164,FormerProdigy,8.4,d4c3,2,25,20
Chess.com-2024.01.09,166,FormerProdigy,8.6,c3d4,26,0,20
Chess.com-2024.01.09,103,FormerProdigy,9.9,a5d8,-89,-81,20
Chess.com-2024.01.09,109,FormerProdigy,9.9,b7c7,-79,-85,20
Chess.com-2024.01.09,111,FormerProdigy,9.3,c7a7,-45,-77,20
Chess.com-2024.01.09,113,FormerProdigy,9.2,a7c7,-70,-73,20
Chess.com-2024.01.09,115,FormerProdigy,9.3,c7c2,-61,-54,20
Chess.com-2024.01.09,117,FormerProdigy,9.0,c2c1,-44,-67,20
Chess.com-2024.01.09,119,FormerProdigy,9.2,c1c2,-72,-76,20
Chess.com-2024.01.09,125,FormerProdigy,9.7,f8e8,-55,-81,20
Chess.com-2024.01.09,127,FormerProdigy,8.9,a2c2,-72,-72,20
Chess.com-2024.01.09,129,FormerProdigy,9.1,e8f8,-35,-65,20
Chess.com-2024.01.09,131,FormerProdigy,8.6,f7f5,0,0,20
Chess.com-2024.01.09,133,FormerProdigy,7.8,c2f2,0,0,20
Chess.com-2024.01.09,135,FormerProdigy,8.1,f2c2,0,-22,20
Chess.com-2024.01.09,137,FormerProdigy,2.2,f8g7,-2,0,20
Chess.com-2024.01.09,139,FormerProdigy,1.6,g7f8,0,0,20
Chess.com-2024.01.09,141,FormerProdigy,1.6,c2c6,0,0,20
Chess.com-2024.01.09,143,FormerProdigy,1.5,c6d6,0,0,20
Chess.com-2024.01.09,145,FormerProdigy,1.9,d6a6,0,-14,20
Chess.com-2024.01.09,147,FormerProdigy,1.9,f5e4,9,0,20
Chess.com-2024.01.09,149,FormerProdigy,1.9,f8f7,0,0,20
Chess.com-2024.01.09,151,FormerProdigy,1.9,f7e8,0,0,20
Chess.com-2024.01.09,153,FormerProdigy,2.4,e8f7,0,0,20
Chess.com-2024.01.09,155,FormerProdigy,2.2,a6a5,0,0,20
Chess.com-2024.01.09,157,FormerProdigy,2.3,a5a4,0,0,20
Chess.com-2024.01.09,159,FormerProdigy,3.0,f7g7,-1,0,20
Chess.com-2024.01.09,161,FormerProdigy,2.4,a4a5,0,0,20
Chess.com-2024.01.09,163,FormerProdigy,1.8,a5a7,0,0,20
Chess.com-2024.01.09,165,FormerProdigy,2.1,e7f8,0,0,20
Chess.com-2024.01.09,167,FormerProdigy,1.8,a7d7,0,0,20
Chess.com-2024.01.09,169,FormerProdigy,2.1,d7e7,0,0,20
Chess.com-2024.01.09,171,FormerProdigy,3.0,e7f7,0,0,20
Chess.com-2024.01.09,173,FormerProdigy,3.4,f7e7,0,0,20
Chess.com-2024.01.09,175,FormerProdigy,4.3,e7f7,0,0,20
Chess.com-2024.01.09,177,FormerProdigy,4.6,f8e7,0,0,20
Chess.com-2024.01.09,179,FormerProdigy,4.7,e7f6,0,0,20
Chess.com-2024.01.09,181,FormerProdigy,4.7,f7e7,0,0,20
Chess.com-2024.01.09,183,FormerProdigy,4.7,g7h6,0,0,20
Chess.com-2024.01.09,185,FormerProdigy,1.0,e7e8,0,0,20
Chess.com-2024.01.09,187,FormerProdigy,1.3,e8e7,0,0,20
Chess.com-2024.01.09,189,FormerProdigy,1.5,e7f7,0,0,20
Chess.com-2024.01.09,191,FormerProdigy,2.0,h6g7,0,0,20
Chess.com-2024.01.09,193,FormerProdigy,2.9,g6h5,0,0,20
Chess.com-2024.01.09,195,FormerProdigy,3.1,f7f6,0,-2,20
Chess.com-2024.01.09,197,FormerProdigy,3.2,g7g6,0,0,20
Chess.com-2024.01.09,199,FormerProdigy,4.1,g6f7,0,-4,20
Chess.com-2024.01.09,201,FormerProdigy,4.4,f6g6,-2,-2,20
Chess.com-2024.01.09,203,FormerProdigy,4.9,f7g6,0,0,20
Chess.com-2024.01.09,205,FormerProdigy,5.8,g6h5,0,0,20
Chess.com-2024.01.09,82,FormerProdigy,8.2,c7c6,-1140,-1217,20
Chess.com-2024.01.09,84,FormerProdigy,8.2,g4e5,-1394,-1586,20
Chess.com-2024.01.09,86,FormerProdigy,4.0,h6h7,-1614,-1684,20
Chess.com-2024.01.09,88,FormerProdigy,4.4,c6g6,,,20
Chess.com-2024.01.09,90,FormerProdigy,1.9,h7h8q,,,20
Chess.com-2024.01.16,73,FormerProdigy,8.1,c2d3,867,915,20
Chess.com-2024.01.16,70,FormerProdigy,9.8,a6e6,2901,6324,20
Chess.com-2024.01.16,91,FormerProdigy,6.8,e7c7,-43,-17,20
Chess.com-2024.01.16,93,FormerProdigy,2.3,c7e7,-25,-17,20
Chess.com-2024.01.16,95,FormerProdigy,1.9,e7f7,-17,-16,20
Chess.com-2024.01.16,97,FormerProdigy,1.9,f7d7,-16,-17,20
Chess.com-2024.01.16,99,FormerProdigy,2.1,d7c7,-20,-15,20
Chess.com-2024.01.16,101,FormerProdigy,1.8,c7f7,-15,-12,20
Chess.com-2024.01.16,103,FormerProdigy,1.9,b6b7,-20,-15,20
Chess.com-2024.01.16,105,FormerProdigy,2.0,b7b6,-12,-9,20
Chess.com-2024.01.16,107,FormerProdigy,1.7,b6b7,-12,-1,20
Chess.com-2024.01.16,109,FormerProdigy,2.0,f7f2,0,-1,20
Chess.com-2024.01.16,111,FormerProdigy,1.7,b7c8,-3,0,20
Chess.com-2024.01.16,113,FormerProdigy,1.6,f2a2,0,-2,20
Chess.com-2024.01.16,115,FormerProdigy,1.2,a2a3,0,0,20
Chess.com-2024.01.16,117,FormerProdigy,1.8,c8d7,0,-5,20
Chess.com-2024.01.16,119,FormerProdigy,2.3,a3g3,0,0,20
Chess.com-2024.01.16,121,FormerProdigy,2.5,g3c3,0,0,20
Chess.com-2024.01.16,123,FormerProdigy,1.9,g4g3,0,0,20
Chess.com-2024.01.16,125,FormerProdigy,2.3,d7e6,0,0,20
Chess.com-2024.01.16,127,FormerProdigy,2.5,e6f6,0,0,20
Chess.com-2024.01.16,129,FormerProdigy,3.2,f6f5,-15,0,20
Chess.com-2024.01.16,131,FormerProdigy,3.5,c3a3,0,0,20
Chess.com-2024.01.16,133,FormerProdigy,3.3,f5f4,0,0,20
Chess.com-2024.01.16,135,FormerProdigy,4.2,a3b3,0,0,20
Chess.com-2024.01.16,137,FormerProdigy,4.4,f4f3,0,0,20
Chess.com-2024.01.16,139,FormerProdigy,4.7,f3g3,0,0,20
Chess.com-2024.01.16,141,FormerProdigy,4.8,b3b8,0,0,20
Chess.com-2024.01.16,68,FormerProdigy,9.6,d7a7,-142,-389,20
Chess.com-2024.01.16,70,FormerProdigy,9.5,d5f4,-391,-738,20
Chess.com-2024.01.16,72,FormerProdigy,5.3,b3c4,-861,-1100,20
Chess.com-2024.01.16,55,FormerProdigy,8.6,e5f4,-409,-463,20
Chess.com-2024.01.16,57,FormerProdigy,8.9,f8e8,-148,-130,20
Chess.com-2024.01.16,59,FormerProdigy,7.7,d5e3,-112,-103,20
Chess.com-2024.01.16,61,FormerProdigy,5.0,f4e3,-86,-114,20
Chess.com-2024.01.16,63,FormerProdigy,5.6,d8d4,-123,-128,20
Chess.com-2024.01.16,99,FormerProdigy,9.7,e3d5,236,262,20
Chess.com-2024.01.16,101,FormerProdigy,9.0,b5b4,254,208,20
Chess.com-2024.01.16,103,FormerProdigy,6.9,d5f4,434,433,20
Chess.com-2024.01.16,105,FormerProdigy,6.5,f4e6,464,330,20
Chess.com-2024.01.16,107,FormerProdigy,6.1,e6d4,423,278,20
Chess.com-2024.01.16,109,FormerProdigy,6.8,a7a6,268,216,20
Chess.com-2024.01.16,111,FormerProdigy,2.6,b4a5,216,111,20
Chess.com-2024.01.16,113,FormerProdigy,2.9,b6b5,95,0,20
Chess.com-2024.01.16,115,FormerProdigy,2.3,a5a4,0,0,20
Chess.com-2024.01.16,117,FormerProdigy,2.5,d4c6,0,0,20
Chess.com-2024.01.16,119,FormerProdigy,3.0,a4a3,21,12,20
Chess.com-2024.01.16,121,FormerProdigy,3.0,b5b4,12,17,20
Chess.com-2024.01.16,123,FormerProdigy,3.4,b4b3,11,7,20
Chess.com-2024.01.16,125,FormerProdigy,3.6,b3b2,12,-137,20
Chess.com-2024.01.16,127,FormerProdigy,1.7,a3a4,-147,-239,20
Chess.com-2024.01.16,129,FormerProdigy,1.7,a4b5,-178,-165,20
Chess.com-2024.01.30,97,FormerProdigy,7.2,c3d2,599,824,20
Chess.com-2024.01.30,99,FormerProdigy,7.3,d3d5,914,507,20
Chess.com-2024.01.30,101,FormerProdigy,6.6,d2e2,918,799,20
Chess.com-2024.01.30,103,FormerProdigy,7.1,d5d3,918,918,20
Chess.com-2024.01.30,105,FormerProdigy,6.2,d3g3,5609,5736,20
Chess.com-2024.01.30,107,FormerProdigy,5.8,e2f3,6014,5483,20
Chess.com-2024.01.30,109,FormerProdigy,4.7,f3f4,6032,6027,20
Chess.com-2024.01.30,111,FormerProdigy,4.9,g3g7,6022,6041,20
Chess.com-2024.01.30,113,FormerProdigy,5.4,g7f8,6041,6109,20
Chess.com-2024.01.30,115,FormerProdigy,5.8,f8g8,,,20
Chess.com-2024.01.30,74,FormerProdigy,9.6,g1g2,0,0,20
Chess.com-2024.01.30,78,FormerProdigy,8.9,c4d5,0,0,20
Chess.com-2024.01.30,80,FormerProdigy,8.3,d5d7,0,0,20
Chess.com-2024.01.30,82,FormerProdigy,7.7,d7h3,0,0,20
Chess.com-2024.01.30,84,FormerProdigy,7.2,h3d7,0,0,20
Chess.com-2024.01.30,86,FormerProdigy,7.7,d7c7,0,0,20
Chess.com-2024.01.30,88,FormerProdigy,6.6,c7f7,0,0,20
Chess.com-2024.01.30,90,FormerProdigy,5.7,g2h3,0,0,20
Chess.com-2024.01.30,92,FormerProdigy,6.3,f7g8,0,0,20
Chess.com-2024.01.30,94,FormerProdigy,5.9,h3g2,0,0,20
Chess.com-2024.01.30,96,FormerProdigy,5.1,g8g7,448,709,20
Chess.com-2024.01.30,98,FormerProdigy,3.3,g2h3,726,746,20
Chess.com-2024.01.30,100,FormerProdigy,3.2,h3g4,1038,5483,20
Chess.com-2024.01.30,102,FormerProdigy,3.6,g4g5,5483,5483,20
Chess.com-2024.01.30,104,FormerProdigy,4.3,g3g4,5483,5483,20
Chess.com-2024.01.30,106,FormerProdigy,5.2,g5h6,6094,6102,20
Chess.com-2024.01.30,108,FormerProdigy,5.9,g4g5,6040,6040,20
Chess.com-2024.01.30,125,FormerProdigy,7.9,f4d6,-284,-187,20
Chess.com-2024.01.30,127,FormerProdigy,8.5,d6b4,-181,-165,20
Chess.com-2024.01.30,129,FormerProdigy,8.7,b4a3,-158,-162,20
Chess.com-2024.01.30,131,FormerProdigy,8.5,e7d6,-158,-178,20
Chess.com-2024.01.30,133,FormerProdigy,7.6,a3c1,-178,-166,20
Chess.com-2024.01.30,135,FormerProdigy,8.0,c1e3,-158,-851,20
Chess.com-2024.01.30,137,FormerProdigy,6.6,e3b6,-154,-139,20
Chess.com-2024.01.30,139,FormerProdigy,6.2,d6e7,-136,-166,20
Chess.com-2024.01.30,141,FormerProdigy,5.9,e7d6,-123,-227,20
Chess.com-2024.01.30,143,FormerProdigy,6.4,b6c5,-239,-470,20
Chess.com-2024.01.30,145,FormerProdigy,6.2,d6e7,-445,-535,20
Chess.com-2024.01.30,147,FormerProdigy,5.6,c5e3,-738,-775,20
Chess.com-2024.01.30,149,FormerProdigy,5.1,e7d8,-838,-857,20
Chess.com-2024.01.30,151,FormerProdigy,3.3,e3f2,-859,-867,20
Chess.com-2024.01.30,153,FormerProdigy,3.0,f2e3,-859,-880,20
Chess.com-2024.01.30,155,FormerProdigy,1.6,e3f2,-901,-904,20
Chess.com-2024.01.30,157,FormerProdigy,1.9,f2e3,-917,-921,20
Chess.com-2024.01.30,159,FormerProdigy,2.3,e3f2,-923,-923,20
Chess.com-2024.01.30,161,FormerProdigy,2.6,f2g3,-923,-928,20
Chess.com-2024.01.30,163,FormerProdigy,2.1,g3f2,-928,-932,20
Chess.com-2024.01.30,165,FormerProdigy,2.4,f2g3,-1068,-1046,20
Chess.com-2024.01.30,167,FormerProdigy,1.8,g7f6,-1182,-1150,20
Chess.com-2024.01.30,169,FormerProdigy,1.8,d8e7,-1250,-1293,20
Chess.com-2024.01.30,171,FormerProdigy,2.1,g3b8,-1306,-1319,20
Chess.com-2024.01.30,173,FormerProdigy,2.4,b8c7,-1346,-1346,20
Chess.com-2024.01.30,175,FormerProdigy,2.7,c7b8,-1355,-1379,20
Chess.com-2024.01.30,177,FormerProdigy,3.2,b8c7,-1355,-1426,20
Chess.com-2024.01.30,179,FormerProdigy,3.7,c7b8,-1279,-1373,20
Chess.com-2024.01.30,181,FormerProdigy,4.2,b8f4,-1447,-1510,20
Chess.com-2024.01.30,183,FormerProdigy,4.8,f4e5,-1171,-1602,20
Chess.com-2024.01.30,185,FormerProdigy,4.1,f6f5,-1630,-1652,20
Chess.com-2024.01.30,187,FormerProdigy,4.6,e7f6,-1606,-1906,20
Chess.com-2024.01.30,189,FormerProdigy,5.5,e5f4,-775,-5511,20
Chess.com-2024.01.30,191,FormerProdigy,5.6,f4b8,-6798,-7153,20
Chess.com-2024.01.30,193,FormerProdigy,5.4,b8d6,,,20
Chess.com-2024.01.30,195,FormerProdigy,5.6,d6e5,,,20
Chess.com-2024.02.06,107,FormerProdigy,5.6,c6e7,-17,-19,20
Chess.com-2024.02.06,109,FormerProdigy,5.0,e7f5,-42,-24,20
Chess.com-2024.02.06,111,FormerProdigy,5.6,g5f4,-11,-33,20
Chess.com-2024.02.06,113,FormerProdigy,4.8,a5b4,-17,-3,20
Chess.com-2024.02.06,115,FormerProdigy,5.7,b4c4,0,-8,20
Chess.com-2024.02.06,117,FormerProdigy,6.4,c4b3,-8,-50,20
Chess.com-2024.02.06,119,FormerProdigy,3.0,c5c4,-48,-49,20
Chess.com-2024.02.06,121,FormerProdigy,3.8,c4c3,-50,-52,20
Chess.com-2024.02.06,123,FormerProdigy,4.7,c3c2,-52,-40,20
Chess.com-2024.02.06,125,FormerProdigy,5.6,c2c1q,-40,-39,20
Chess.com-2024.02.06,127,FormerProdigy,6.5,b3a2,-37,-37,20
Chess.com-2024.02.06,129,FormerProdigy,6.8,a2b3,-37,-37,20
Chess.com-2024.02.06,131,FormerProdigy,6.9,b3a2,-37,-40,20
Chess.com-2024.02.06,133,FormerProdigy,7.3,a2b3,-37,-33,20
Chess.com-2024.02.06,135,FormerProdigy,7.4,b3a2,-33,-33,20
Chess.com-2024.02.06,137,FormerProdigy,7.7,a2b2,-33,-40,20
Chess.com-2024.02.06,139,FormerProdigy,8.0,b2a2,-33,-33,20
Chess.com-2024.02.06,141,FormerProdigy,8.5,a2b3,-33,-33,20
Chess.com-2024.02.06,143,FormerProdigy,8.7,b3a2,-33,-45,20
Chess.com-2024.02.06,145,FormerProdigy,9.0,a2b2,-37,-33,20
Chess.com-2024.02.06,147,FormerProdigy,8.8,b2a2,-37,-36,20
Chess.com-2024.02.06,149,FormerProdigy,8.9,a2b3,-32,-39,20
Chess.com-2024.02.06,151,FormerProdigy,8.9,b3a2,-32,-43,20
Chess.com-2024.02.06,153,FormerProdigy,9.0,a2b2,-38,-42,20
Chess.com-2024.02.06,155,FormerProdigy,8.7,b2a2,-41,-37,20
Chess.com-2024.02.06,157,FormerProdigy,8.5,a2b2,-35,-42,20
Chess.com-2024.02.06,159,FormerProdigy,8.3,c1c2,0,0,20
Chess.com-2024.02.06,161,FormerProdigy,7.4,c2h2,0,0,20
Chess.com-2024.02.06,163,FormerProdigy,8.3,h2h6,0,0,20
Chess.com-2024.02.06,55,FormerProdigy,7.5,g8g1,101,72,20
Chess.com-2024.02.06,57,FormerProdigy,5.9,h6f4,72,49,20
Chess.com-2024.02.06,59,FormerProdigy,6.3,f4h4,659,101,20
Chess.com-2024.02.06,61,FormerProdigy,5.3,h4h3,251,0,20
Chess.com-2024.02.06,64,FormerProdigy,6.6,a2a3,0,0,20
Chess.com-2024.02.06,66,FormerProdigy,4.3,g3g4,0,0,20
Chess.com-2024.02.06,68,FormerProdigy,3.0,f3g4,0,0,20
Chess.com-2024.02.06,70,FormerProdigy,3.9,g4f3,0,0,20
Chess.com-2024.02.06,72,FormerProdigy,3.2,f3g4,0,0,20
Chess.com-2024.02.06,74,FormerProdigy,3.3,g4f3,0,0,20
Chess.com-2024.02.06,76,FormerProdigy,3.1,f3g4,0,0,20
Chess.com-2024.02.06,112,FormerProdigy,6.4,b5a5,519,383,20
Chess.com-2024.02.06,114,FormerProdigy,4.8,c4b5,451,24,20
Chess.com-2024.02.06,116,FormerProdigy,4.6,a5a3,24,16,20
Chess.com-2024.02.06,118,FormerProdigy,3.8,b5c4,456,114,20
Chess.com-2024.02.06,120,FormerProdigy,1.1,b4c5,251,263,20
Chess.com-2024.02.06,122,FormerProdigy,1.3,a3d3,437,117,20
Chess.com-2024.03.12,115,FormerProdigy,8.6,d4f6,-67,-135,20
Chess.com-2024.03.12,117,FormerProdigy,8.0,b2h2,-99,-283,20
Chess.com-2024.03.12,119,FormerProdigy,7.5,e7f8,-131,-327,20
Chess.com-2024.03.12,121,FormerProdigy,3.3,f8e7,-238,-218,20
Chess.com-2024.03.12,123,FormerProdigy,3.9,f6d4,-234,-322,20
Chess.com-2024.03.12,125,FormerProdigy,3.5,e7f7,-322,-353,20
Chess.com-2024.03.12,127,FormerProdigy,3.9,d4f6,-87,-387,20
Chess.com-2024.03.12,129,FormerProdigy,4.2,h2h6,-386,-371,20
Chess.com-2024.03.12,131,FormerProdigy,4.8,f6e7,-222,-250,20
Chess.com-2024.03.12,133,FormerProdigy,5.4,h6d6,-32,-31,20
Chess.com-2024.03.12,135,FormerProdigy,5.9,f7f6,-26,-25,20
Chess.com-2024.03.12,137,FormerProdigy,6.8,d6d4,-31,-29,20
Chess.com-2024.03.12,139,FormerProdigy,6.5,d4b4,-29,-34,20
Chess.com-2024.03.12,141,FormerProdigy,6.0,f6f5,-32,-26,20
Chess.com-2024.03.12,143,FormerProdigy,5.8,e7d6,-37,-36,20
Chess.com-2024.03.12,145,FormerProdigy,6.2,f5e5,-31,-27,20
Chess.com-2024.03.12,147,FormerProdigy,6.6,d6c7,-28,-30,20
Chess.com-2024.03.12,149,FormerProdigy,5.9,b4b1,-19,-19,20
Chess.com-2024.03.12,151,FormerProdigy,6.2,c7b8,-19,-32,20
Chess.com-2024.03.12,153,FormerProdigy,6.2,b1c1,-22,-25,20
Chess.com-2024.03.12,155,FormerProdigy,6.7,c1b1,-22,-18,20
Chess.com-2024.03.12,157,FormerProdigy,7.6,b1c1,-21,-19,20
Chess.com-2024.03.12,159,FormerProdigy,6.7,c1c7,-24,-12,20
Chess.com-2024.03.12,161,FormerProdigy,6.7,c7g7,-16,-22,20
Chess.com-2024.03.12,163,FormerProdigy,6.9,e5d6,-22,-16,20
Chess.com-2024.03.12,165,FormerProdigy,6.6,d6c5,-20,-18,20
Chess.com-2024.03.12,167,FormerProdigy,6.2,g7g8,-5,-10,20
Chess.com-2024.03.12,169,FormerProdigy,5.4,g8g7,-11,-11,20
Chess.com-2024.03.12,171,FormerProdigy,5.3,c5d5,-10,-12,20
Chess.com-2024.03.12,173,FormerProdigy,5.1,b8e5,-8,-11,20
Chess.com-2024.03.12,175,FormerProdigy,5.1,g7g8,-11,-6387,20
Chess.com-2024.03.12,177,FormerProdigy,5.1,d5d4,-6387,-6387,20
Chess.com-2024.03.12,179,FormerProdigy,3.4,d4e5,-6356,-6387,20
Chess.com-2024.03.12,181,FormerProdigy,3.6,e5f6,-6336,,20
Chess.com-2024.03.12,96,FormerProdigy,8.8,b4c5,0,0,20
Chess.com-2024.03.12,98,FormerProdigy,9.7,h2g3,0,0,20
Chess.com-2024.03.12,100,FormerProdigy,7.9,g3f4,884,0,20
Chess.com-2024.03.12,102,FormerProdigy,5.7,c5c6,0,0,20
Chess.com-2024.03.12,104,FormerProdigy,3.2,f4e3,0,0,20
Chess.com-2024.03.12,106,FormerProdigy,2.7,h4g5,0,0,20
Chess.com-2024.03.12,108,FormerProdigy,2.5,e3d4,0,0,20
Chess.com-2024.03.12,113,FormerProdigy,9.8,h4h3,225,227,20
Chess.com-2024.03.12,115,FormerProdigy,7.9,g5h4,307,280,20
Chess.com-2024.03.12,117,FormerProdigy,8.3,e6c8,373,210,20
Chess.com-2024.03.12,119,FormerProdigy,7.7,c8d7,307,367,20
Chess.com-2024.03.12,121,FormerProdigy,7.5,d7e6,439,507,20
Chess.com-2024.03.12,123,FormerProdigy,7.9,e6c4,768,761,20
Chess.com-2024.03.12,125,FormerProdigy,8.1,c6c5,818,548,20
Chess.com-2024.03.12,127,FormerProdigy,5.2,c4e2,557,604,20
Chess.com-2024.03.12,129,FormerProdigy,5.5,f6e5,623,641,20
Chess.com-2024.03.12,131,FormerProdigy,6.3,e2c4,641,654,20
Chess.com-2024.03.12,133,FormerProdigy,4.2,c4d3,654,654,20
Chess.com-2024.03.12,135,FormerProdigy,4.3,e5e4,782,803,20
Chess.com-2024.03.12,137,FormerProdigy,4.6,f4f3,817,830,20
Chess.com-2024.03.12,74,FormerProdigy,4.7,e3d2,-545,-542,20
Chess.com-2024.03.12,76,FormerProdigy,4.8,f3e2,-541,-551,20
Chess.com-2024.03.12,78,FormerProdigy,5.7,f2e2,-544,-557,20
Chess.com-2024.03.12,80,FormerProdigy,6.6,g2f3,0,0,20
Chess.com-2024.03.12,82,FormerProdigy,6.7,d5d6,0,0,20
Chess.com-2024.03.12,84,FormerProdigy,7.1,d2b4,0,0,20
Chess.com-2024.03.12,86,FormerProdigy,7.4,b4e1,0,0,20
Chess.com-2024.03.12,88,FormerProdigy,7.1,e1g3,12,0,20
Chess.com-2024.03.12,90,FormerProdigy,7.2,e2f2,0,-50,20
Chess.com-2024.03.12,92,FormerProdigy,6.2,d3d2,-25,-148,20
Chess.com-2024.03.12,94,FormerProdigy,6.2,g3h2,-127,-166,20
Chess.com-2024.03.12,96,FormerProdigy,6.8,f3g4,-40,-43,20
Chess.com-2024.03.12,98,FormerProdigy,6.6,f2f3,0,0,20
Chess.com-2024.03.12,100,FormerProdigy,6.4,h2f4,0,0,20
Chess.com-2024.03.12,102,FormerProdigy,5.7,b3b4,0,0,20
Chess.com-2024.03.12,104,FormerProdigy,3.0,f3f2,0,0,20
Chess.com-2024.03.12,106,FormerProdigy,3.5,g4g5,36,0,20
Chess.com-2024.03.12,108,FormerProdigy,3.1,f2g3,0,0,20
Chess.com-2024.03.12,110,FormerProdigy,3.7,b4b5,0,-5899,20
Chess.com-2024.03.12,112,FormerProdigy,3.6,g3f2,-6004,-6012,20
Chess.com-2024.03.12,114,FormerProdigy,3.4,f2e2,-6012,-6012,20
Chess.com-2024.03.12,116,FormerProdigy,4.3,d2d1,-6008,-6012,20
Chess.com-2024.03.12,118,FormerProdigy,4.2,e2d2,-6012,-6012,20
Chess.com-2024.03.12,120,FormerProdigy,3.9,d2c2,-6012,-5829,20
Chess.com-2024.03.12,122,FormerProdigy,4.0,c2d1,-6012,-6012,20
Chess.com-2024.03.12,124,FormerProdigy,4.9,d1c2,-6012,-6012,20
Chess.com-2024.03.12,126,FormerProdigy,5.7,c2c3,-6011,-6012,20
Chess.com-2024.03.19,86,FormerProdigy,7.2,a6a7,-583,-738,20
Chess.com-2024.03.19,88,FormerProdigy,7.5,a8e8,-492,-507,20
Chess.com-2024.03.19,90,FormerProdigy,6.5,g2e4,-517,-525,20
Chess.com-2024.03.19,92,FormerProdigy,6.9,e8e4,-519,-517,20
Chess.com-2024.03.19,94,FormerProdigy,7.8,e4c4,-529,-590,20
Chess.com-2024.03.19,96,FormerProdigy,8.4,c4c3,-594,-613,20
Chess.com-2024.03.19,98,FormerProdigy,8.5,h1g2,-565,-565,20
Chess.com-2024.03.19,100,FormerProdigy,8.6,h3h4,-474,-462,20
Chess.com-2024.03.19,102,FormerProdigy,5.4,c3c6,-461,-513,20
Chess.com-2024.03.19,104,FormerProdigy,3.8,g2f3,-510,-512,20
Chess.com-2024.03.19,106,FormerProdigy,4.3,e3e4,-521,-524,20
Chess.com-2024.03.19,108,FormerProdigy,4.6,c6c4,-505,-509,20
Chess.com-2024.03.19,110,FormerProdigy,5.2,f3f4,-507,-507,20
Chess.com-2024.03.19,112,FormerProdigy,5.0,c4d4,-481,-503,20
Chess.com-2024.03.19,114,FormerProdigy,4.7,g4g5,-406,-397,20
Chess.com-2024.03.19,116,FormerProdigy,4.6,g5f6,-402,-444,20
Chess.com-2024.03.19,118,FormerProdigy,4.2,d4a4,-423,-467,20
Chess.com-2024.03.19,120,FormerProdigy,4.1,a4a5,-364,-361,20
Chess.com-2024.03.19,122,FormerProdigy,4.1,e4e5,-329,-368,20
Chess.com-2024.03.19,124,FormerProdigy,2.8,a5a4,-355,-354,20
Chess.com-2024.03.19,126,FormerProdigy,3.3,a4e4,0,-334,20
Chess.com-2024.03.19,128,FormerProdigy,3.6,f4g5,-314,-511,20
Chess.com-2024.03.19,130,FormerProdigy,3.5,e4a4,-8,-7,20
Chess.com-2024.03.19,132,FormerProdigy,3.2,h4h5,0,0,20
Chess.com-2024.03.19,134,FormerProdigy,3.7,g5f4,0,0,20
Chess.com-2024.03.19,136,FormerProdigy,3.8,f4f3,0,0,20
Chess.com-2024.03.19,138,FormerProdigy,4.0,a4a5,0,0,20
Chess.com-2024.03.19,140,FormerProdigy,4.4,a5a4,0,0,20
Chess.com-2024.03.19,142,FormerProdigy,4.9,a4h4,0,0,20
Chess.com-2024.03.19,144,FormerProdigy,5.6,f3g3,0,0,20
Chess.com-2024.03.19,78,FormerProdigy,5.2,a7a6,-600,-592,20
Chess.com-2024.03.19,80,FormerProdigy,2.9,h3g4,-615,-638,20
Chess.com-2024.03.19,82,FormerProdigy,3.8,f3h3,-638,-653,20
Chess.com-2024.03.19,84,FormerProdigy,4.2,h2g1,-607,-684,20
Chess.com-2024.03.19,86,FormerProdigy,3.9,g1f1,-634,-661,20
Chess.com-2024.03.19,88,FormerProdigy,3.5,f1g1,-671,-689,20
Chess.com-2024.03.19,90,FormerProdigy,3.5,g1f1,-661,-714,20
Chess.com-2024.03.19,92,FormerProdigy,3.6,h3h7,-607,-564,20
Chess.com-2024.03.19,94,FormerProdigy,3.6,h7h6,-615,-609,20
Chess.com-2024.03.19,96,FormerProdigy,4.2,h6e6,-609,-633,20
Chess.com-2024.03.19,98,FormerProdigy,4.2,f1f2,-652,-656,20
Chess.com-2024.03.19,100,FormerProdigy,4.3,e6e5,-99,-652,20
Chess.com-2024.03.19,102,FormerProdigy,2.7,e5f5,-664,-686,20
Chess.com-2024.03.19,104,FormerProdigy,2.5,f5f3,-616,-640,20
Chess.com-2024.03.19,106,FormerProdigy,3.4,f2g1,-651,-659,20
Chess.com-2024.03.19,108,FormerProdigy,4.0,g1h2,-584,-720,20
Chess.com-2024.03.19,110,FormerProdigy,2.7,a6g6,-224,-794,20
Chess.com-2024.03.19,112,FormerProdigy,2.8,g6a6,-870,-915,20
Chess.com-2024.03.19,114,FormerProdigy,3.4,h2h3,-926,-1115,20
Chess.com-2024.03.19,116,FormerProdigy,3.1,g2g4,-1159,-5435,20
Chess.com-2024.03.19,118,FormerProdigy,3.0,a6a1,-5648,-5648,20
Chess.com-2024.03.19,120,FormerProdigy,3.9,f3f5,-5965,-6012,20
Chess.com-2024.03.19,122,FormerProdigy,4.8,h3g3,-6022,-6024,20
Chess.com-2024.03.19,124,FormerProdigy,5.1,g3f4,-6025,-6030,20
Chess.com-2024.03.19,126,FormerProdigy,5.4,f4e5,-5531,-5531,20
Chess.com-2024.03.19,128,FormerProdigy,5.6,f5f4,-5475,-7499,20
Chess.com-2024.03.19,92,FormerProdigy,9.3,h6h7,0,0,20
Chess.com-2024.03.19,94,FormerProdigy,7.5,f3f8,0,0,20
Chess.com-2024.03.19,96,FormerProdigy,6.6,g6h7,0,0,20
Chess.com-2024.03.19,98,FormerProdigy,7.5,f8b8,0,0,20
Chess.com-2024.03.19,100,FormerProdigy,7.5,b8a8,0,0,20
Chess.com-2024.03.19,102,FormerProdigy,7.5,a8b8,0,0,20
Chess.com-2024.03.19,104,FormerProdigy,7.7,b8a8,0,0,20
Chess.com-2024.03.19,106,FormerProdigy,7.8,a8b8,0,0,20
Chess.com-2024.03.19,83,FormerProdigy,9.4,b6b5,204,3,20
Chess.com-2024.03.19,85,FormerProdigy,6.7,b3b4,69,60,20
Chess.com-2024.03.19,87,FormerProdigy,7.4,b4c4,62,63,20
Chess.com-2024.03.19,89,FormerProdigy,8.0,c4e4,95,72,20
Chess.com-2024.03.19,91,FormerProdigy,8.4,e4e2,61,59,20
Chess.com-2024.03.19,93,FormerProdigy,8.1,g6f5,110,69,20
Chess.com-2024.03.19,95,FormerProdigy,7.8,e2g2,611,623,20
Chess.com-2024.03.19,97,FormerProdigy,7.4,f5e4,744,5313,20
Chess.com-2024.03.19,99,FormerProdigy,8.0,b5b4,5313,5323,20
Chess.com-2024.03.19,101,FormerProdigy,7.0,e4d4,5345,5313,20
Chess.com-2024.03.19,103,FormerProdigy,4.1,d4e4,5609,5632,20
Chess.com-2024.03.19,105,FormerProdigy,4.2,g2d2,5651,5886,20
Chess.com-2024.03.19,107,FormerProdigy,5.1,e4d4,5935,5900,20
Chess.com-2024.03.19,109,FormerProdigy,6.0,d4e3,5900,5900,20
Chess.com-2024.03.19,111,FormerProdigy,6.4,e3d3,5872,5900,20
Chess.com-2024.03.19,113,FormerProdigy,6.7,d3d2,5900,5900,20
Chess.com-2024.03.19,115,FormerProdigy,7.2,d2c3,5918,6012,20
Chess.com-2024.03.19,117,FormerProdigy,7.6,c3c2,6012,6012,20
Chess.com-2024.03.19,119,FormerProdigy,8.1,c2b3,6024,6024,20
Chess.com-2024.03.19,121,FormerProdigy,9.0,b3a3,5975,5792,20
Chess.com-2024.03.19,123,FormerProdigy,8.7,b4b3,,5788,20
Chess.com-2024.03.19,125,FormerProdigy,9.1,b3b2,,,20
Chess.com-2024.03.19,127,FormerProdigy,9.9,a3a2,,,20
Chess.com-2024.03.19,64,FormerProdigy,6.9,h1f1,-44,-230,20
Chess.com-2024.03.19,66,FormerProdigy,6.4,e2f1,-209,-213,20
Chess.com-2024.03.19,68,FormerProdigy,7.3,d3e4,-217,-209,20
Chess.com-2024.03.19,70,FormerProdigy,5.6,a2a4,-207,-189,20
Chess.com-2024.03.19,72,FormerProdigy,5.6,f1c4,-181,-176,20
Chess.com-2024.03.19,74,FormerProdigy,5.9,c4b5,-166,-218,20
Chess.com-2024.03.19,76,FormerProdigy,5.9,b5c4,-166,-109,20
Chess.com-2024.03.19,78,FormerProdigy,6.0,e4f4,-107,-107,20
Chess.com-2024.03.19,80,FormerProdigy,5.8,f4e4,-107,-101,20
Chess.com-2024.03.19,82,FormerProdigy,6.1,e4f4,-107,-107,20
Chess.com-2024.03.19,84,FormerProdigy,6.4,f4e4,-94,-77,20
Chess.com-2024.03.19,86,FormerProdigy,6.8,c4d3,-82,-403,20
Chess.com-2024.03.19,88,FormerProdigy,6.0,e4f3,-436,-453,20
Chess.com-2024.03.19,90,FormerProdigy,6.6,g4f5,-475,-514,20
Chess.com-2024.03.19,92,FormerProdigy,7.5,d3c4,-523,-547,20
Chess.com-2024.03.19,94,FormerProdigy,7.4,f3e3,-611,-617,20
Chess.com-2024.03.19,96,FormerProdigy,4.4,e3d3,-583,-624,20
Chess.com-2024.03.19,98,FormerProdigy,4.3,c4e6,-625,-625,20
Chess.com-2024.03.19,100,FormerProdigy,4.2,e6d7,-544,-591,20
Chess.com-2024.03.19,102,FormerProdigy,4.2,d7c8,-625,-627,20
Chess.com-2024.03.19,104,FormerProdigy,4.3,c8d7,-434,-524,20
Chess.com-2024.03.19,106,FormerProdigy,4.5,d7c8,-449,-618,20
Chess.com-2024.03.19,108,FormerProdigy,4.8,c8d7,-626,-626,20
Chess.com-2024.03.19,110,FormerProdigy,4.8,d7c8,-625,-654,20
Chess.com-2024.03.19,112,FormerProdigy,5.3,c8d7,-627,-630,20
Chess.com-2024.03.19,114,FormerProdigy,5.7,d7c8,-638,-637,20
Chess.com-2024.03.19,116,FormerProdigy,5.7,c8e6,-647,-653,20
Chess.com-2024.03.19,118,FormerProdigy,6.1,d3e4,-619,-640,20
Chess.com-2024.03.19,120,FormerProdigy,7.0,e6c4,-640,-673,20
Chess.com-2024.03.19,122,FormerProdigy,4.0,c4e2,-652,-698,20
Chess.com-2024.03.19,124,FormerProdigy,4.0,e4d5,-717,-772,20
Chess.com-2024.03.19,126,FormerProdigy,3.3,e2c4,-864,-1034,20
Chess.com-2024.03.19,128,FormerProdigy,1.8,d5e4,-1050,-6150,20
Chess.com-2024.03.19,130,FormerProdigy,2.3,e4e3,-1050,-6377,20
Chess.com-2024.03.19,132,FormerProdigy,1.7,c4d5,-5661,-6190,20
Chess.com-2024.03.19,134,FormerProdigy,1.9,d5c4,-6324,-6324,20
Chess.com-2024.03.19,136,FormerProdigy,2.8,c4f1,-6324,-6496,20
Chess.com-2024.03.26,86,FormerProdigy,9.3,f3g4,12,10,20
Chess.com-2024.03.26,88,FormerProdigy,8.1,g4h5,10,9,20
Chess.com-2024.03.26,90,FormerProdigy,7.9,g3g4,17,0,20
Chess.com-2024.03.26,92,FormerProdigy,7.4,h3h4,0,0,20
Chess.com-2024.03.26,94,FormerProdigy,7.4,g4g5,31,30,20
Chess.com-2024.03.26,96,FormerProdigy,7.3,h4g5,25,22,20
Chess.com-2024.03.26,98,FormerProdigy,8.2,h5g4,24,19,20
Chess.com-2024.03.26,100,FormerProdigy,8.2,g4f5,19,19,20
Chess.com-2024.03.26,102,FormerProdigy,8.5,c2d1,14,14,20
Chess.com-2024.03.26,104,FormerProdigy,8.6,d1h5,12,0,20
Chess.com-2024.03.26,106,FormerProdigy,7.3,f5g6,0,0,20
Chess.com-2024.03.26,108,FormerProdigy,5.8,g6h7,0,0,20
Chess.com-2024.03.26,110,FormerProdigy,5.8,h5g4,0,0,20
Chess.com-2024.03.26,112,FormerProdigy,4.4,g4e6,0,0,20
Chess.com-2024.03.26,114,FormerProdigy,4.1,h7g6,0,12,20
Chess.com-2024.03.26,116,FormerProdigy,4.1,e6g4,0,0,20
Chess.com-2024.03.26,118,FormerProdigy,4.3,g6f5,0,0,20
Chess.com-2024.03.26,120,FormerProdigy,4.2,g4h5,0,0,20
Chess.com-2024.03.26,122,FormerProdigy,4.3,f5g6,0,0,20
Chess.com-2024.03.26,124,FormerProdigy,4.4,g6h7,2,2,20
Chess.com-2024.03.26,126,FormerProdigy,4.3,g5g6,2,0,20
Chess.com-2024.03.26,128,FormerProdigy,4.1,h5g4,0,0,20
Chess.com-2024.03.26,130,FormerProdigy,4.3,g4e6,0,0,20
Chess.com-2024.03.26,132,FormerProdigy,4.8,e6g4,0,0,20
Chess.com-2024.03.26,134,FormerProdigy,5.5,g4e6,0,0,20
Chess.com-2024.03.26,136,FormerProdigy,6.4,e6g4,0,0,20
Chess.com-2024.03.26,79,FormerProdigy,8.3,g6e7,-380,-514,20
Chess.com-2024.03.26,81,FormerProdigy,5.4,f8e7,-522,-543,20
Chess.com-2024.03.26,83,FormerProdigy,6.3,d7d8,-596,-593,20
Chess.com-2024.03.26,85,FormerProdigy,6.7,e7e6,-458,-468,20
Chess.com-2024.03.26,87,FormerProdigy,6.0,d8h8,-449,-591,20
Chess.com-2024.03.26,89,FormerProdigy,5.7,h8h7,-606,-726,20
Chess.com-2024.03.26,91,FormerProdigy,4.7,h7h8,-731,-739,20
Chess.com-2024.03.26,93,FormerProdigy,4.2,h8g8,-750,-826,20
Chess.com-2024.03.26,95,FormerProdigy,4.1,g8g1,-821,-863,20
Chess.com-2024.03.26,97,FormerProdigy,4.5,g1e1,-904,-919,20
Chess.com-2024.03.26,99,FormerProdigy,4.2,e1c1,-974,-966,20
Chess.com-2024.03.26,101,FormerProdigy,4.4,c1c3,-918,-1202,20
Chess.com-2024.03.26,103,FormerProdigy,2.5,d4c3,-740,-776,20
Chess.com-2024.03.26,83,FormerProdigy,7.1,c3d2,-102,-72,20
Chess.com-2024.03.26,85,FormerProdigy,4.4,c4c3,-78,-74,20
Chess.com-2024.03.26,87,FormerProdigy,5.3,c3c2,-73,-68,20
Chess.com-2024.03.26,89,FormerProdigy,6.2,c2c1q,-68,-80,20
Chess.com-2024.03.26,91,FormerProdigy,7.1,d2e1,-80,-171,20
Chess.com-2024.03.26,93,FormerProdigy,7.3,c1c3,-132,-259,20
Chess.com-2024.03.26,95,FormerProdigy,2.6,c3e5,-250,-253,20
Chess.com-2024.03.26,97,FormerProdigy,2.3,e1d2,-251,-245,20
Chess.com-2024.03.26,99,FormerProdigy,2.8,e5a1,-249,-249,20
Chess.com-2024.03.26,101,FormerProdigy,2.3,a1e5,-249,-249,20
Chess.com-2024.03.26,103,FormerProdigy,3.2,e5e4,-193,-183,20
Chess.com-2024.03.26,105,FormerProdigy,2.9,e4e5,-155,-179,20
Chess.com-2024.03.26,107,FormerProdigy,2.9,d2e2,-226,-239,20
Chess.com-2024.03.26,109,FormerProdigy,2.3,e5e4,-237,-244,20
Chess.com-2024.03.26,111,FormerProdigy,2.0,e4d4,-248,-575,20
Chess.com-2024.03.26,113,FormerProdigy,2.1,e2e1,-837,-1184,20
Chess.com-2024.03.26,115,FormerProdigy,2.2,e1e2,-847,-880,20
Chess.com-2024.03.26,117,FormerProdigy,2.3,e2e3,-889,-923,20
Chess.com-2024.03.26,119,FormerProdigy,1.7,e3d3,-942,-959,20
Chess.com-2024.03.26,121,FormerProdigy,2.3,d3d4,-999,-999,20
Chess.com-2024.03.26,123,FormerProdigy,3.2,d4e4,-40,-1037,20
Chess.com-2024.03.26,125,FormerProdigy,3.6,e4d5,-5425,-5425,20
Chess.com-2024.03.26,127,FormerProdigy,3.8,d5d4,-5425,-5659,20
Chess.com-2024.03.26,129,FormerProdigy,3.7,d4e5,-5,0,20
Chess.com-2024.03.26,131,FormerProdigy,3.7,e5f6,0,0,20
Chess.com-2024.03.26,133,FormerProdigy,4.1,f6f7,0,0,20
Chess.com-2024.03.26,135,FormerProdigy,4.7,h6g5,0,0,20
Chess.com-2024.03.26,137,FormerProdigy,5.6,f7f8,0,0,20
Chess.com-2024.03.26,139,FormerProdigy,4.7,f8e7,0,0,20
Chess.com-2024.03.26,141,FormerProdigy,4.1,e7f7,0,0,20
Chess.com-2024.03.26,143,FormerProdigy,4.5,f7f6,0,0,20
Chess.com-2024.03.26,145,FormerProdigy,5.0,f6e7,0,0,20
Chess.com-2024.03.26,147,FormerProdigy,5.6,e7f7,0,0,20
Chess.com-2024.03.26,149,FormerProdigy,6.2,f7f6,0,0,20
Chess.com-2024.03.26,151,FormerProdigy,6.3,f6e7,0,0,20
Chess.com-2024.03.26,84,FormerProdigy,6.8,g3g4,-595,-797,20
Chess.com-2024.03.26,86,FormerProdigy,6.2,h4h5,-1030,-1134,20
Chess.com-2024.03.26,88,FormerProdigy,6.5,g4g5,-1165,,20
Chess.com-2024.05.14,76,FormerProdigy,8.7,b5a6,-16,-52,20
Chess.com-2024.05.14,78,FormerProdigy,8.9,b1b6,-40,-71,20
Chess.com-2024.05.14,80,FormerProdigy,9.8,b6a6,-12,-56,20
Chess.com-2024.05.14,82,FormerProdigy,9.7,a6a8,-61,-141,20
Chess.com-2024.05.14,84,FormerProdigy,5.7,a5a6,0,-245,20
Chess.com-2024.05.14,86,FormerProdigy,4.7,a6a7,0,0,20
Chess.com-2024.05.14,88,FormerProdigy,1.2,e2f1,0,-157,20
Chess.com-2024.05.14,90,FormerProdigy,1.6,a8b8,-225,-258,20
Chess.com-2024.05.14,92,FormerProdigy,2.1,f1e1,0,0,20
Chess.com-2024.05.14,94,FormerProdigy,1.8,e1d1,0,0,20
Chess.com-2024.05.14,78,FormerProdigy,8.1,h6h8,2,0,20
Chess.com-2024.05.14,80,FormerProdigy,6.8,h8e8,0,0,20
Chess.com-2024.05.14,82,FormerProdigy,7.3,f4h5,32,20,20
Chess.com-2024.05.14,84,FormerProdigy,6.8,h5f6,10,10,20
Chess.com-2024.05.14,86,FormerProdigy,7.3,f6h5,36,2,20
Chess.com-2024.05.14,88,FormerProdigy,7.3,h5f6,1,0,20
Chess.com-2024.05.14,90,FormerProdigy,7.5,f6d5,28,25,20
Chess.com-2024.05.14,92,FormerProdigy,8.0,d5e3,28,24,20
Chess.com-2024.05.14,94,FormerProdigy,8.4,e3g4,207,217,20
Chess.com-2024.05.14,96,FormerProdigy,8.0,e8b8,249,223,20
Chess.com-2024.05.14,98,FormerProdigy,8.4,g4e3,368,376,20
Chess.com-2024.05.14,100,FormerProdigy,8.7,e3f5,420,418,20
Chess.com-2024.05.14,102,FormerProdigy,9.2,f5d4,421,411,20
Chess.com-2024.05.14,91,FormerProdigy,6.9,d7g7,692,703,20
Chess.com-2024.05.14,93,FormerProdigy,6.3,g5f6,1269,5465,20
Chess.com-2024.05.14,95,FormerProdigy,5.6,f6e6,5465,5476,20
Chess.com-2024.05.14,97,FormerProdigy,6.2,e6d7,5476,5476,20
Chess.com-2024.05.14,99,FormerProdigy,6.4,g7g2,,,20
Chess.com-2024.05.14,101,FormerProdigy,6.5,g2f2,,,20
Chess.com-2024.05.14,104,FormerProdigy,5.8,f5d7,18,9,20
Chess.com-2024.05.14,106,FormerProdigy,6.2,g3f4,11,0,20
Chess.com-2024.05.14,108,FormerProdigy,7.1,f4f5,0,0,20
Chess.com-2024.05.14,110,FormerProdigy,7.1,b5c4,0,0,20
Chess.com-2024.05.14,112,FormerProdigy,6.5,c4d4,0,0,20
Chess.com-2024.05.14,114,FormerProdigy,4.2,d4e4,0,0,20
Chess.com-2024.05.14,116,FormerProdigy,3.8,e4e5,0,0,20
Chess.com-2024.05.14,118,FormerProdigy,4.1,h3h4,0,0,20
Chess.com-2024.05.14,120,FormerProdigy,3.2,e5d5,0,0,20
Chess.com-2024.05.14,122,FormerProdigy,3.2,d5e4,0,0,20
Chess.com-2024.05.14,124,FormerProdigy,3.6,e4e5,0,0,20
Chess.com-2024.05.14,126,FormerProdigy,3.7,e5d5,0,0,20
Chess.com-2024.05.14,128,FormerProdigy,3.9,d5c6,0,-31,20
Chess.com-2024.05.14,130,FormerProdigy,4.2,c6b6,-22,-31,20
Chess.com-2024.05.14,132,FormerProdigy,4.7,a4a5,-24,-22,20
Chess.com-2024.05.14,134,FormerProdigy,4.8,a5a6,-30,-20,20
Chess.com-2024.05.14,136,FormerProdigy,5.6,a6a7,-8,-26,20
Chess.com-2024.05.14,138,FormerProdigy,6.5,a7a8q,-15,-21,20
Chess.com-2024.05.14,140,FormerProdigy,7.4,b6c7,-26,-53,20
Chess.com-2024.05.14,142,FormerProdigy,8.0,c7b6,-13,-15,20
Chess.com-2024.05.14,144,FormerProdigy,8.1,b6b5,-29,-32,20
Chess.com-2024.05.14,146,FormerProdigy,8.5,b5c4,-19,-22,20
Chess.com-2024.05.14,148,FormerProdigy,8.2,a8g2,-3,0,20
Chess.com-2024.05.14,150,FormerProdigy,7.8,g2f2,0,0,20
Chess.com-2024.05.14,152,FormerProdigy,7.1,f2f6,0,-57,20
Chess.com-2024.05.14,154,FormerProdigy,7.6,c4b5,-59,-60,20
Chess.com-2024.05.14,156,FormerProdigy,7.7,b5a6,-37,-57,20
Chess.com-2024.05.14,158,FormerProdigy,7.2,f6b2,-45,-45,20
Chess.com-2024.05.14,160,FormerProdigy,5.8,b2g7,-42,-32,20
Chess.com-2024.05.14,162,FormerProdigy,6.3,g7e5,-36,-34,20
Chess.com-2024.05.14,164,FormerProdigy,5.7,e5g5,-31,-44,20
Chess.com-2024.05.14,166,FormerProdigy,5.3,g5c5,-29,-45,20
Chess.com-2024.05.14,168,FormerProdigy,5.8,a6b7,-24,-53,20
Chess.com-2024.05.14,170,FormerProdigy,5.4,b7a8,-40,-42,20
Chess.com-2024.05.14,172,FormerProdigy,5.0,a8b8,-34,-33,20
Chess.com-2024.05.14,174,FormerProdigy,4.9,b8a8,-39,-34,20
Chess.com-2024.05.14,176,FormerProdigy,5.0,a8b8,-30,-28,20
Chess.com-2024.05.14,178,FormerProdigy,4.9,b8a8,-31,-33,20
Chess.com-2024.05.14,180,FormerProdigy,5.0,a8b8,-32,-30,20
Chess.com-2024.05.14,182,FormerProdigy,4.8,c5g5,-28,-5966,20
Chess.com-2024.05.14,95,FormerProdigy,4.6,h3g4,803,796,20
Chess.com-2024.05.14,97,FormerProdigy,4.2,g4f3,801,849,20
Chess.com-2024.05.14,99,FormerProdigy,4.9,h7h5,868,2623,20
Chess.com-2024.05.14,101,FormerProdigy,5.4,h5h4,5302,5097,20
Chess.com-2024.05.14,103,FormerProdigy,5.7,f3g3,5097,5097,20
Chess.com-2024.05.14,105,FormerProdigy,6.4,d2d3,5302,5097,20
Chess.com-2024.05.14,107,FormerProdigy,6.5,g5g4,5302,5097,20
Chess.com-2024.05.14,109,FormerProdigy,7.4,h4h3,5597,1136,20
Chess.com-2024.05.14,111,FormerProdigy,7.9,g3h4,1353,815,20
Chess.com-2024.05.14,113,FormerProdigy,7.7,d3d4,5961,6032,20
Chess.com-2024.05.14,115,FormerProdigy,7.7,g4g3,6030,,20
Chess.com-2024.05.14,117,FormerProdigy,8.1,h3h2,,6033,20
Chess.com-2024.05.14,119,FormerProdigy,7.5,d4d2,6104,6004,20
Chess.com-2024.05.14,121,FormerProdigy,7.7,h4h3,,,20
Chess.com-2024.05.14,123,FormerProdigy,8.3,d2d1,,,20
Chess.com-2024.05.14,125,FormerProdigy,8.8,g3g2,,,20
Chess.com-2024.05.14,83,FormerProdigy,4.3,e6d6,0,0,20
Chess.com-2024.05.14,85,FormerProdigy,2.7,d6e6,0,0,20
Chess.com-2024.05.14,87,FormerProdigy,2.9,g7g6,0,0,20
Chess.com-2024.05.14,89,FormerProdigy,2.2,e6d6,0,0,20
Chess.com-2024.05.14,91,FormerProdigy,2.2,d6e6,0,0,20
Chess.com-2024.05.14,93,FormerProdigy,2.4,e6d6,0,0,20
Chess.com-2024.05.14,95,FormerProdigy,2.7,d6e6,0,0,20
Chess.com-2024.06.11,56,FormerProdigy,7.5,f3g1,819,23,20
Chess.com-2024.06.11,58,FormerProdigy,4.6,f2f3,235,155,20
Chess.com-2024.06.11,60,FormerProdigy,4.6,g1e2,205,186,20
Chess.com-2024.06.11,62,FormerProdigy,5.2,e3c3,194,25,20
Chess.com-2024.06.11,64,FormerProdigy,2.2,e2c3,62,29,20
Chess.com-2024.06.11,66,FormerProdigy,3.1,h2g1,31,13,20
Chess.com-2024.06.11,68,FormerProdigy,2.6,g1f2,0,40,20
Chess.com-2024.06.11,70,FormerProdigy,3.2,f2e3,22,0,20
Chess.com-2024.06.11,72,FormerProdigy,3.4,e3f4,68,62,20
Chess.com-2024.06.11,74,FormerProdigy,3.6,a2a3,52,11,20
Chess.com-2024.06.11,76,FormerProdigy,3.6,b3b4,21,20,20
Chess.com-2024.06.11,78,FormerProdigy,4.0,a3b4,17,23,20
Chess.com-2024.06.11,80,FormerProdigy,4.9,f4e3,68,0,20
Chess.com-2024.06.11,82,FormerProdigy,2.4,e3f4,0,0,20
Chess.com-2024.06.11,84,FormerProdigy,2.4,c3d1,67,16,20
Chess.com-2024.06.11,86,FormerProdigy,2.3,d1e3,0,0,20
Chess.com-2024.06.11,88,FormerProdigy,3.2,g3g4,412,430,20
Chess.com-2024.06.11,90,FormerProdigy,2.8,e3g4,469,439,20
Chess.com-2024.06.11,92,FormerProdigy,3.7,g4f6,635,746,20
Chess.com-2024.06.11,94,FormerProdigy,3.0,f4g5,746,746,20
Chess.com-2024.06.11,96,FormerProdigy,3.3,g5h6,761,784,20
Chess.com-2024.06.11,98,FormerProdigy,3.8,h6g7,784,81,20
Chess.com-2024.06.11,100,FormerProdigy,4.3,g7f8,784,78,20
Chess.com-2024.06.11,102,FormerProdigy,4.0,f8e7,800,784,20
Chess.com-2024.06.11,104,FormerProdigy,4.5,e7f8,1000,50,20
Chess.com-2024.06.11,106,FormerProdigy,4.4,f8g7,1003,90,20
Chess.com-2024.06.11,108,FormerProdigy,4.7,f6e4,1013,55,20
Chess.com-2024.06.11,110,FormerProdigy,5.0,e4d6,54,15,20
Chess.com-2024.06.11,112,FormerProdigy,5.0,g7f6,0,0,20
Chess.com-2024.06.11,114,FormerProdigy,5.7,d6f7,702,45,20
Chess.com-2024.06.11,116,FormerProdigy,5.8,f6f7,1035,1090,20
Chess.com-2024.06.11,118,FormerProdigy,6.7,f7g6,694,913,20
Chess.com-2024.06.11,120,FormerProdigy,7.2,g6h5,1184,1202,20
Chess.com-2024.06.11,122,FormerProdigy,8.0,h5h6,1205,747,20
Chess.com-2024.06.11,124,FormerProdigy,8.5,h4h5,5422,5422,20
Chess.com-2024.06.11,126,FormerProdigy,9.1,h6g7,5892,5866,20
Chess.com-2024.06.11,82,FormerProdigy,8.8,b8b7,1361,1469,20
Chess.com-2024.06.11,84,FormerProdigy,9.1,f3e4,1562,1568,20
Chess.com-2024.06.11,86,FormerProdigy,9.6,e4f5,1784,5806,20
Chess.com-2024.06.11,88,FormerProdigy,9.8,f5g6,,,20
Chess.com-2024.06.11,49,FormerProdigy,9.2,a7a5,468,401,20
Chess.com-2024.06.11,53,FormerProdigy,7.5,e6f5,418,95,20
Chess.com-2024.06.11,55,FormerProdigy,6.7,b8d8,332,126,20
Chess.com-2024.06.11,57,FormerProdigy,5.4,f5e4,853,892,20
Chess.com-2024.06.11,59,FormerProdigy,4.4,e4f5,938,946,20
Chess.com-2024.06.11,61,FormerProdigy,2.7,d8e8,954,958,20
Chess.com-2024.06.11,63,FormerProdigy,3.6,c7e7,1004,1002,20
Chess.com-2024.06.11,65,FormerProdigy,3.2,c6d5,1491,952,20
Chess.com-2024.06.11,67,FormerProdigy,4.1,b4c5,1797,,20
Chess.com-2024.06.11,95,FormerProdigy,6.1,b4b3,0,0,20
Chess.com-2024.06.11,97,FormerProdigy,6.8,b3b2,0,0,20
Chess.com-2024.06.11,99,FormerProdigy,6.7,c5e7,0,0,20
Chess.com-2024.06.11,101,FormerProdigy,6.3,g5h4,0,0,20
Chess.com-2024.06.11,103,FormerProdigy,7.2,e7h4,0,0,20
Chess.com-2024.06.11,105,FormerProdigy,7.7,d4e3,5,5,20
Chess.com-2024.06.11,107,FormerProdigy,8.2,e3d2,5,5,20
Chess.com-2024.06.11,109,FormerProdigy,9.1,d2c1,6,0,20
Chess.com-2024.06.11,60,FormerProdigy,6.3,f6f4,-248,-256,20
Chess.com-2024.06.11,62,FormerProdigy,6.2,e2f3,-297,-514,20
Chess.com-2024.06.11,64,FormerProdigy,3.6,h4g5,-500,-502,20
Chess.com-2024.06.11,66,FormerProdigy,4.5,f3e4,-569,-577,20
Chess.com-2024.06.11,68,FormerProdigy,5.2,e4f5,-498,-578,20
Chess.com-2024.06.11,70,FormerProdigy,6.1,f5g4,-565,-551,20
Chess.com-2024.06.11,72,FormerProdigy,5.5,g4f3,-561,-555,20
Chess.com-2024.06.11,74,FormerProdigy,3.3,f3c6,-537,-711,20
Chess.com-2024.06.11,76,FormerProdigy,3.7,c6d5,-732,-817,20
Chess.com-2024.06.11,78,FormerProdigy,2.4,f2f3,-838,-884,20
Chess.com-2024.06.11,80,FormerProdigy,2.8,d5f7,-1024,-1296,20
Chess.com-2024.06.11,82,FormerProdigy,2.8,f3g4,-1404,-1477,20
Chess.com-2024.06.11,84,FormerProdigy,2.3,f7d5,-1547,-1646,20
Chess.com-2024.06.25,48,FormerProdigy,8.5,b5b6,68,71,20
Chess.com-2024.06.25,50,FormerProdigy,5.5,c3b5,274,345,20
Chess.com-2024.06.25,52,FormerProdigy,5.9,b5c7,433,4,20
Chess.com-2024.06.25,54,FormerProdigy,6.4,c7e6,0,0,20
Chess.com-2024.06.25,56,FormerProdigy,6.2,e6f8,484,463,20
Chess.com-2024.06.25,58,FormerProdigy,6.0,b3e3,753,730,20
Chess.com-2024.06.25,60,FormerProdigy,5.5,d1e1,754,501,20
Chess.com-2024.06.25,62,FormerProdigy,3.8,g2d5,646,640,20
Chess.com-2024.06.25,64,FormerProdigy,4.0,e5e6,693,472,20
Chess.com-2024.06.25,66,FormerProdigy,3.4,e6f7,490,479,20
Chess.com-2024.06.25,68,FormerProdigy,3.5,d5f7,454,465,20
Chess.com-2024.06.25,70,FormerProdigy,4.4,e1e3,492,477,20
Chess.com-2024.06.25,72,FormerProdigy,5.3,e3c3,650,520,20
Chess.com-2024.06.25,74,FormerProdigy,4.7,f2f4,542,451,20
Chess.com-2024.06.25,76,FormerProdigy,3.9,g1f2,581,240,20
Chess.com-2024.06.25,78,FormerProdigy,4.4,b1d1,260,138,20
Chess.com-2024.06.25,80,FormerProdigy,3.9,d1d4,239,0,20
Chess.com-2024.06.25,82,FormerProdigy,3.5,f2e2,8,-89,20
Chess.com-2024.06.25,84,FormerProdigy,3.9,e2d2,10,0,20
Chess.com-2024.06.25,86,FormerProdigy,3.9,c3e3,25,9,20
Chess.com-2024.06.25,88,FormerProdigy,3.0,g3f4,0,0,20
Chess.com-2024.06.25,90,FormerProdigy,3.4,e3e6,0,0,20
Chess.com-2024.06.25,92,FormerProdigy,1.6,d4d5,0,0,20
Chess.com-2024.06.25,94,FormerProdigy,1.7,f4f5,0,0,20
Chess.com-2024.06.25,96,FormerProdigy,2.2,e6g6,0,0,20
Chess.com-2024.06.25,98,FormerProdigy,2.5,g6g7,0,0,20
Chess.com-2024.06.25,100,FormerProdigy,2.7,a2b3,0,0,20
Chess.com-2024.06.25,102,FormerProdigy,1.3,g7a7,0,0,20
Chess.com-2024.06.25,104,FormerProdigy,1.3,d2c1,11,8,20
Chess.com-2024.06.25,106,FormerProdigy,1.0,c1b2,282,240,20
Chess.com-2024.06.25,63,FormerProdigy,9.1,d6f6,0,0,20
Chess.com-2024.06.25,65,FormerProdigy,9.7,f8e7,0,0,20
Chess.com-2024.06.25,67,FormerProdigy,9.9,e7e8,0,0,20
Chess.com-2024.06.25,71,FormerProdigy,6.0,e7d6,0,0,20
Chess.com-2024.06.25,73,FormerProdigy,4.5,d6c7,0,0,20
Chess.com-2024.06.25,75,FormerProdigy,4.3,c7d6,0,0,20
Chess.com-2024.06.25,77,FormerProdigy,4.6,f4g3,0,0,20
Chess.com-2024.06.25,79,FormerProdigy,4.6,d6d7,0,0,20
Chess.com-2024.06.25,81,FormerProdigy,5.1,d7d6,0,0,20
Chess.com-2024.06.25,83,FormerProdigy,4.6,d6d7,0,0,20
Chess.com-2024.06.25,85,FormerProdigy,5.2,d7e8,0,0,20
Chess.com-2024.06.25,87,FormerProdigy,5.7,e8e7,0,0,20
Chess.com-2024.06.25,89,FormerProdigy,5.7,e7e8,0,0,20
Chess.com-2024.06.25,91,FormerProdigy,5.8,e8e7,0,0,20
Chess.com-2024.06.25,93,FormerProdigy,3.9,e7e8,0,0,20
Chess.com-2024.06.25,67,FormerProdigy,6.3,d6e5,-213,-252,20
Chess.com-2024.06.25,69,FormerProdigy,7.2,e5e4,-164,-265,20
Chess.com-2024.06.25,71,FormerProdigy,7.3,a8f8,-226,-287,20
Chess.com-2024.06.25,73,FormerProdigy,5.1,e4e3,-38,-104,20
Chess.com-2024.06.25,75,FormerProdigy,5.4,f8f2,-43,-26,20
Chess.com-2024.06.25,77,FormerProdigy,6.0,f2c2,-22,-22,20
Chess.com-2024.06.25,79,FormerProdigy,6.6,c7c5,-16,-20,20
Chess.com-2024.06.25,81,FormerProdigy,6.9,c5c4,0,0,20
Chess.com-2024.06.25,83,FormerProdigy,7.4,c2c4,1,0,20
Chess.com-2024.06.25,85,FormerProdigy,6.5,c4c3,0,0,20
Chess.com-2024.06.25,87,FormerProdigy,6.9,c3e3,0,-38,20
Chess.com-2024.06.25,89,FormerProdigy,7.2,d7e6,-38,-38,20
Chess.com-2024.06.25,91,FormerProdigy,8.1,e6f5,-38,-38,20
Chess.com-2024.06.25,93,FormerProdigy,5.1,f5g5,0,0,20
Chess.com-2024.06.25,95,FormerProdigy,5.3,g5h6,0,0,20
Chess.com-2024.06.25,97,FormerProdigy,5.6,h6g5,0,0,20
Chess.com-2024.06.25,99,FormerProdigy,6.2,g5h6,0,0,20
Chess.com-2024.06.25,101,FormerProdigy,6.7,h6g5,0,0,20
Chess.com-2024.06.25,103,FormerProdigy,6.9,g5h6,0,0,20
Chess.com-2024.06.25,105,FormerProdigy,7.1,h6g5,0,0,20
Chess.com-2024.06.25,107,FormerProdigy,7.7,g5h6,0,0,20
Chess.com-2024.06.25,109,FormerProdigy,8.2,h6g5,0,0,20
Chess.com-2024.06.25,111,FormerProdigy,8.7,g5h6,0,0,20
Chess.com-2024.06.25,113,FormerProdigy,9.4,h6g5,0,0,20
Chess.com-2024.06.25,76,FormerProdigy,6.4,d6e6,31,25,20
Chess.com-2024.06.25,78,FormerProdigy,5.8,e6e4,37,37,20
Chess.com-2024.07.09,91,FormerProdigy,7.8,g7f8,434,522,20
Chess.com-2024.07.09,93,FormerProdigy,6.0,f8e7,1065,1142,20
Chess.com-2024.07.09,77,FormerProdigy,9.9,g8h7,746,786,20
Chess.com-2024.07.09,81,FormerProdigy,9.4,g2f2,872,791,20
Chess.com-2024.07.09,83,FormerProdigy,7.7,h4h3,830,852,20
Chess.com-2024.07.09,85,FormerProdigy,8.3,d5d4,949,752,20
Chess.com-2024.07.09,87,FormerProdigy,8.0,h3h2,787,765,20
Chess.com-2024.07.09,89,FormerProdigy,8.3,g6g5,862,991,20
Chess.com-2024.07.09,91,FormerProdigy,5.9,g5g4,1081,1186,20
Chess.com-2024.07.09,93,FormerProdigy,6.4,g4g3,1286,1422,20
Chess.com-2024.07.09,95,FormerProdigy,7.3,f2a2,1500,573,20
Chess.com-2024.07.09,97,FormerProdigy,7.9,a2a7,575,588,20
Chess.com-2024.07.09,99,FormerProdigy,5.2,h7g6,603,12,20
Chess.com-2024.07.09,101,FormerProdigy,3.8,g6f5,12,15,20
Chess.com-2024.07.09,103,FormerProdigy,4.4,d4d3,0,0,20
Chess.com-2024.07.09,105,FormerProdigy,3.1,a7d7,0,0,20
Chess.com-2024.07.09,107,FormerProdigy,2.3,d3d2,0,0,20
Chess.com-2024.07.09,109,FormerProdigy,2.8,d7d4,0,0,20
Chess.com-2024.07.09,111,FormerProdigy,3.7,f5e5,0,0,20
Chess.com-2024.07.09,113,FormerProdigy,4.4,d4d2,0,0,20
Chess.com-2024.07.09,104,FormerProdigy,9.0,g7g8,894,1132,20
Chess.com-2024.07.09,106,FormerProdigy,9.1,g8a8,1232,1017,20
Chess.com-2024.07.09,108,FormerProdigy,8.4,h2h3,1566,1586,20
Chess.com-2024.07.09,110,FormerProdigy,9.2,g3g4,1596,5302,20
Chess.com-2024.07.09,112,FormerProdigy,9.3,h3h4,5302,5344,20
Chess.com-2024.07.09,114,FormerProdigy,8.8,a8a7,5386,5399,20
Chess.com-2024.07.09,116,FormerProdigy,8.6,a7a6,5400,5400,20
Chess.com-2024.07.09,118,FormerProdigy,9.1,h4h5,5404,5412,20
Chess.com-2024.07.09,74,FormerProdigy,3.3,d5b6,-707,-715,20
Chess.com-2024.07.09,76,FormerProdigy,4.2,a1b1,-708,-1002,20
Chess.com-2024.07.09,78,FormerProdigy,2.0,b2a2,-1025,-1069,20
Chess.com-2024.07.09,80,FormerProdigy,2.1,b6c4,-1081,-1157,20
Chess.com-2024.07.09,82,FormerProdigy,1.8,a2b1,-1115,-1269,20
Chess.com-2024.07.09,84,FormerProdigy,2.7,b1c1,-1393,-1602,20
Chess.com-2024.07.09,86,FormerProdigy,2.6,h1h2,-787,-6374,20
Chess.com-2024.07.09,88,FormerProdigy,3.0,c1e3,-6497,,20
Chess.com-2024.07.09,90,FormerProdigy,3.2,e3e4,,,20
Chess.com-2024.07.09,92,FormerProdigy,3.8,e4e5,,,20
Chess.com-2024.07.09,94,FormerProdigy,4.2,g2f3,,,20
Chess.com-2024.07.09,82,FormerProdigy,4.4,c6e4,356,330,20
Chess.com-2024.07.09,84,FormerProdigy,4.1,f1e1,306,338,20
Chess.com-2024.07.09,86,FormerProdigy,2.4,f2f4,409,175,20
Chess.com-2024.07.09,88,FormerProdigy,2.1,e4g6,746,-768,20
Chess.com-2024.07.09,90,FormerProdigy,1.7,e1f1,-876,-939,20
Chess.com-2024.07.09,92,FormerProdigy,1.3,g1h1,-974,-983,20
Chess.com-2024.07.09,94,FormerProdigy,1.8,h1g1,-984,-978,20
Chess.com-2024.07.09,75,FormerProdigy,6.7,c5f2,0,0,20
Chess.com-2024.07.09,77,FormerProdigy,6.3,f2f1,0,0,20
Chess.com-2024.07.09,79,FormerProdigy,5.9,f1f2,0,0,20
Chess.com-2024.07.09,81,FormerProdigy,4.5,d7f7,0,-33,20
Chess.com-2024.07.09,83,FormerProdigy,3.1,f2f1,0,0,20
Chess.com-2024.07.09,85,FormerProdigy,2.9,f1f2,0,-5,20
Chess.com-2024.07.09,87,FormerProdigy,3.0,h6h5,0,-2,20
Chess.com-2024.07.09,89,FormerProdigy,2.9,f2f1,-19,0,20
Chess.com-2024.07.09,91,FormerProdigy,3.3,f1f2,-4,0,20
Chess.com-2024.07.09,93,FormerProdigy,3.1,f2f1,-15,-9,20
Chess.com-2024.07.09,95,FormerProdigy,3.1,f1f2,0,0,20
Chess.com-2024.07.09,76,FormerProdigy,5.2,g3g4,-446,-469,20
Chess.com-2024.07.09,78,FormerProdigy,5.0,g2f3,-451,-463,20
Chess.com-2024.07.09,80,FormerProdigy,4.3,f3g2,-368,-343,20
Chess.com-2024.07.09,82,FormerProdigy,3.9,g2h2,-313,-398,20
Chess.com-2024.07.09,84,FormerProdigy,3.9,c4c5,-472,-560,20
Chess.com-2024.07.09,86,FormerProdigy,3.3,a6a2,-557,-520,20
Chess.com-2024.07.09,88,FormerProdigy,2.4,d5a2,-566,-546,20
Chess.com-2024.07.09,90,FormerProdigy,3.3,h2g2,-400,-470,20
Chess.com-2024.07.09,92,FormerProdigy,3.1,a2b3,-472,-488,20
Chess.com-2024.07.09,94,FormerProdigy,2.6,b3d5,-510,-516,20
Chess.com-2024.07.09,96,FormerProdigy,2.6,d5e4,-515,-511,20
Chess.com-2024.07.09,98,FormerProdigy,1.6,e4f5,-500,-515,20
Chess.com-2024.07.09,100,FormerProdigy,2.1,f5d7,-515,-544,20
Chess.com-2024.07.09,102,FormerProdigy,2.4,d7e8,-539,-538,20
Chess.com-2024.07.09,104,FormerProdigy,2.6,e8g6,-540,-540,20
Chess.com-2024.07.09,106,FormerProdigy,3.5,g6f5,-519,-542,20
Chess.com-2024.07.09,108,FormerProdigy,4.0,g2f1,-567,-608,20
Chess.com-2024.07.09,110,FormerProdigy,3.3,f5d7,-669,-745,20
Chess.com-2024.07.09,112,FormerProdigy,3.6,f1g2,-750,-758,20
Chess.com-2024.07.09,114,FormerProdigy,3.6,d7e6,-770,-786,20
Chess.com-2024.07.09,116,FormerProdigy,4.0,e6c8,-770,-768,20
Chess.com-2024.07.09,118,FormerProdigy,4.0,c8e6,-762,-788,20
Chess.com-2024.07.09,120,FormerProdigy,4.1,g2f3,-796,-878,20
Chess.com-2024.07.09,122,FormerProdigy,4.2,f3e4,-868,-5304,20
Chess.com-2024.07.09,124,FormerProdigy,5.1,e4e3,-1225,-1281,20
Chess.com-2024.07.09,126,FormerProdigy,4.5,e6f5,-1312,-1402,20
Chess.com-2024.07.30,75,FormerProdigy,9.3,f3h2,11,3,20
Chess.com-2024.07.30,77,FormerProdigy,8.3,h2f3,4,2,20
Chess.com-2024.07.30,79,FormerProdigy,8.7,g6g5,0,0,20
Chess.com-2024.07.30,81,FormerProdigy,8.6,a8g8,5,5,20
Chess.com-2024.07.30,83,FormerProdigy,8.7,h5h4,0,0,20
Chess.com-2024.07.30,85,FormerProdigy,8.2,g5f4,0,0,20
Chess.com-2024.07.30,87,FormerProdigy,4.6,f3h4,7,0,20
Chess.com-2024.07.30,89,FormerProdigy,4.3,h4f5,0,0,20
Chess.com-2024.07.30,91,FormerProdigy,4.6,f4f3,0,0,20
Chess.com-2024.07.30,93,FormerProdigy,3.1,g8f8,0,0,20
Chess.com-2024.07.30,95,FormerProdigy,3.1,f3f4,0,0,20
Chess.com-2024.07.30,97,FormerProdigy,3.5,f8f5,0,0,20
Chess.com-2024.07.30,99,FormerProdigy,3.6,e5e4,0,0,20
Chess.com-2024.07.30,101,FormerProdigy,3.8,f5f7,0,0,20
Chess.com-2024.07.30,103,FormerProdigy,4.0,g4g3,0,0,20
Chess.com-2024.07.30,105,FormerProdigy,3.4,f4e3,0,0,20
Chess.com-2024.07.30,107,FormerProdigy,4.3,e3f4,0,0,20
Chess.com-2024.07.30,109,FormerProdigy,3.2,f4g4,0,0,20
Chess.com-2024.07.30,111,FormerProdigy,3.1,g4f4,0,0,20
Chess.com-2024.07.30,113,FormerProdigy,3.1,f7b7,0,0,20
Chess.com-2024.07.30,115,FormerProdigy,3.4,b7b2,0,0,20
Chess.com-2024.07.30,117,FormerProdigy,3.8,b2g2,0,0,20
Chess.com-2024.07.30,119,FormerProdigy,3.9,g2g3,0,0,20
Chess.com-2024.07.30,121,FormerProdigy,4.1,f4g3,0,0,20
Chess.com-2024.07.30,123,FormerProdigy,5.0,g3f4,0,0,20
Chess.com-2024.07.30,125,FormerProdigy,5.4,e4e3,0,0,20
Chess.com-2024.07.30,127,FormerProdigy,6.0,f4e4,0,0,20
Chess.com-2024.07.30,129,FormerProdigy,6.8,e4f3,0,0,20
Chess.com-2024.07.30,131,FormerProdigy,7.4,e3e2,0,0,20
Chess.com-2024.07.30,133,FormerProdigy,8.0,f3e3,0,0,20
Chess.com-2024.07.30,72,FormerProdigy,8.9,e3d2,-115,-127,20
Chess.com-2024.07.30,74,FormerProdigy,9.5,d2c1,-139,-263,20
Chess.com-2024.07.30,78,FormerProdigy,9.8,c5a5,-311,-325,20
Chess.com-2024.07.30,80,FormerProdigy,7.9,c1d2,-327,-330,20
Chess.com-2024.07.30,82,FormerProdigy,8.3,a6a7,-315,-302,20
Chess.com-2024.07.30,84,FormerProdigy,6.8,d2e3,-315,-289,20
Chess.com-2024.07.30,86,FormerProdigy,5.9,a7a8,-304,-306,20
Chess.com-2024.07.30,88,FormerProdigy,5.6,a8h8,-252,-235,20
Chess.com-2024.07.30,90,FormerProdigy,4.7,e3f3,-252,-273,20
Chess.com-2024.07.30,92,FormerProdigy,3.8,h8b8,-285,-315,20
Chess.com-2024.07.30,94,FormerProdigy,2.8,b8h8,-319,-326,20
Chess.com-2024.07.30,96,FormerProdigy,2.6,h8h5,0,0,20
Chess.com-2024.07.30,98,FormerProdigy,2.2,a5f5,0,0,20
Chess.com-2024.07.30,100,FormerProdigy,3.1,f5a5,0,0,20
Chess.com-2024.07.30,102,FormerProdigy,3.7,f3f4,0,0,20
Chess.com-2024.07.30,104,FormerProdigy,4.3,f4f3,0,0,20
Chess.com-2024.07.30,106,FormerProdigy,5.0,f3f4,0,0,20
Chess.com-2024.07.30,108,FormerProdigy,5.6,f4f3,0,0,20
Chess.com-2024.07.30,75,FormerProdigy,6.7,f5f4,176,141,20
Chess.com-2024.07.30,77,FormerProdigy,6.9,b1d2,197,164,20
Chess.com-2024.07.30,79,FormerProdigy,6.9,d2b3,323,376,20
Chess.com-2024.07.30,81,FormerProdigy,6.8,h5g4,917,933,20
Chess.com-2024.07.30,83,FormerProdigy,6.4,f6g4,992,1059,20
Chess.com-2024.07.30,85,FormerProdigy,7.3,g4f6,1096,1107,20
Chess.com-2024.07.30,87,FormerProdigy,7.5,b3d2,1130,1076,20
Chess.com-2024.07.30,89,FormerProdigy,7.5,d2b1,1121,1073,20
Chess.com-2024.07.30,91,FormerProdigy,8.2,e5f5,1137,1157,20
Chess.com-2024.07.30,93,FormerProdigy,8.6,b1a3,1225,1263,20
Chess.com-2024.07.30,95,FormerProdigy,8.4,a3c2,1294,1380,20
Chess.com-2024.07.30,97,FormerProdigy,8.5,f5g4,1398,1614,20
Chess.com-2024.07.30,99,FormerProdigy,9.0,a5a4,2749,7022,20
Chess.com-2024.07.30,101,FormerProdigy,9.3,a4a3,,,20
Chess.com-2024.07.30,63,FormerProdigy,7.9,e6h3,99,115,20
Chess.com-2024.07.30,65,FormerProdigy,5.9,b1g6,96,0,20
Chess.com-2024.07.30,67,FormerProdigy,6.2,d5c4,0,-25,20
Chess.com-2024.07.30,69,FormerProdigy,3.5,f7f6,-17,-122,20
Chess.com-2024.07.30,71,FormerProdigy,3.1,g7f7,-105,-127,20
Chess.com-2024.07.30,73,FormerProdigy,2.4,f7f8,-92,-112,20
Chess.com-2024.07.30,75,FormerProdigy,2.0,g6d3,24,0,20
Chess.com-2024.07.30,77,FormerProdigy,1.8,b6c5,0,0,20
Chess.com-2024.07.30,79,FormerProdigy,1.9,d6e5,0,0,20
Chess.com-2024.07.30,81,FormerProdigy,2.3,e5d4,669,658,20
Chess.com-2024.07.30,55,FormerProdigy,8.8,h7h5,640,571,20
Chess.com-2024.07.30,57,FormerProdigy,9.2,e7g5,641,531,20
Chess.com-2024.07.30,59,FormerProdigy,8.3,g5e3,582,529,20
Chess.com-2024.07.30,61,FormerProdigy,7.4,d8d7,569,562,20
Chess.com-2024.07.30,63,FormerProdigy,8.3,h5g4,705,681,20
Chess.com-2024.07.30,65,FormerProdigy,6.7,b4c2,686,662,20
Chess.com-2024.07.30,67,FormerProdigy,6.0,e3f4,669,646,20
Chess.com-2024.07.30,69,FormerProdigy,5.0,g6h6,607,416,20
Chess.com-2024.07.30,71,FormerProdigy,4.4,h6h2,872,869,20
Chess.com-2024.07.30,73,FormerProdigy,4.4,h2g2,907,664,20
Chess.com-2024.07.30,75,FormerProdigy,4.1,c2e3,715,661,20
Chess.com-2024.07.30,77,FormerProdigy,4.5,d3d2,678,684,20
Chess.com-2024.07.30,79,FormerProdigy,5.4,d2d1q,749,783,20
Chess.com-2024.07.30,81,FormerProdigy,4.8,e3d1,799,769,20
Chess.com-2024.07.30,83,FormerProdigy,5.5,a7a6,792,747,20
Chess.com-2024.07.30,85,FormerProdigy,5.4,d1e3,783,777,20
Chess.com-2024.07.30,87,FormerProdigy,5.9,d7e7,867,892,20
Chess.com-2024.07.30,89,FormerProdigy,5.3,g7g6,923,854,20
Chess.com-2024.07.30,91,FormerProdigy,5.3,e3c2,1369,774,20
Chess.com-2024.07.30,93,FormerProdigy,3.5,e7e2,784,783,20
Chess.com-2024.07.30,95,FormerProdigy,3.4,e2e3,807,662,20
Chess.com-2024.07.30,97,FormerProdigy,3.8,f4e3,685,692,20
Chess.com-2024.07.30,99,FormerProdigy,4.7,a6a5,700,679,20
Chess.com-2024.07.30,101,FormerProdigy,4.7,e3d4,676,685,20
Chess.com-2024.07.30,103,FormerProdigy,5.0,d4c3,685,691,20
Chess.com-2024.07.30,105,FormerProdigy,5.1,c3b4,700,713,20
Chess.com-2024.07.30,107,FormerProdigy,5.7,g8g7,761,737,20
Chess.com-2024.07.30,109,FormerProdigy,6.3,f7f6,780,723,20
Chess.com-2024.07.30,111,FormerProdigy,5.6,g7f6,994,1021,20
Chess.com-2024.07.30,113,FormerProdigy,6.5,f6e6,1032,6004,20
Chess.com-2024.07.30,115,FormerProdigy,6.5,e6f5,6004,6004,20
Chess.com-2024.07.30,117,FormerProdigy,7.3,b4c3,6004,6004,20
Chess.com-2024.07.30,119,FormerProdigy,6.9,c3d2,6094,6094,20
Chess.com-2024.07.30,72,FormerProdigy,8.0,a7f7,218,254,20
Chess.com-2024.07.30,74,FormerProdigy,5.7,f7b7,723,738,20
Chess.com-2024.07.30,76,FormerProdigy,5.1,b7a7,821,738,20
Chess.com-2024.07.30,78,FormerProdigy,5.6,a7b7,750,746,20
Chess.com-2024.07.30,80,FormerProdigy,6.5,b7b4,830,852,20
Chess.com-2024.07.30,82,FormerProdigy,7.4,a6b7,861,870,20
Chess.com-2024.07.30,84,FormerProdigy,7.8,g2f2,898,875,20
Chess.com-2024.07.30,86,FormerProdigy,8.7,f2g3,937,915,20
Chess.com-2024.07.30,88,FormerProdigy,9.0,g3h4,927,929,20
Chess.com-2024.07.30,90,FormerProdigy,9.2,b7c6,966,946,20
Chess.com-2024.07.30,92,FormerProdigy,9.4,c6e8,974,972,20
Chess.com-2024.07.30,94,FormerProdigy,7.1,f4g5,966,961,20
Chess.com-2024.07.30,96,FormerProdigy,8.0,h4g5,984,1396,20
Chess.com-2024.07.30,98,FormerProdigy,8.9,e8c6,1453,1581,20
Chess.com-2024.07.30,100,FormerProdigy,8.5,b4f4,1661,1703,20
Chess.com-2024.07.30,102,FormerProdigy,7.9,g5f6,1705,5408,20
Chess.com-2024.07.30,104,FormerProdigy,8.0,g4g5,5427,5427,20
Chess.com-2024.07.30,106,FormerProdigy,8.4,g5g6,4838,7004,20
Chess.com-2024.07.30,108,FormerProdigy,8.7,g6g7,7022,,20
Chess.com-2024.07.30,80,FormerProdigy,9.0,g3f4,519,537,20
Chess.com-2024.07.30,82,FormerProdigy,9.2,f4e5,616,601,20
Chess.com-2024.07.30,84,FormerProdigy,8.5,e4d6,704,730,20
Chess.com-2024.07.30,86,FormerProdigy,8.2,d6c4,875,685,20
Chess.com-2024.07.30,88,FormerProdigy,6.8,c7c8,677,638,20
Chess.com-2024.07.30,90,FormerProdigy,4.3,c4e3,654,639,20
Chess.com-2024.07.30,92,FormerProdigy,4.0,e5f4,637,653,20
Chess.com-2024.07.30,94,FormerProdigy,4.6,e3f5,694,691,20
Chess.com-2024.07.30,96,FormerProdigy,5.1,e2e4,684,691,20
Chess.com-2024.07.30,98,FormerProdigy,4.1,c8c7,738,724,20
Chess.com-2024.07.30,100,FormerProdigy,4.2,f5e7,742,805,20
Chess.com-2024.07.30,102,FormerProdigy,3.7,f4e3,809,722,20
Chess.com-2024.07.30,104,FormerProdigy,4.2,c7c6,730,970,20
Chess.com-2024.07.30,106,FormerProdigy,4.3,e4e5,1050,1154,20
Chess.com-2024.07.30,108,FormerProdigy,4.6,c6e6,1392,1614,20
Chess.com-2024.07.30,110,FormerProdigy,4.8,e7g6,3137,4988,20
Chess.com-2024.07.30,112,FormerProdigy,5.0,g6f4,4988,1110,20
Chess.com-2024.07.30,114,FormerProdigy,5.9,f4h5,5517,5782,20
Chess.com-2024.07.30,116,FormerProdigy,6.1,h5f6,6085,6112,20
Chess.com-2024.07.30,118,FormerProdigy,6.2,f6g4,5973,5392,20
Chess.com-2024.07.30,120,FormerProdigy,6.6,h4h5,5811,6659,20
Chess.com-2024.07.30,122,FormerProdigy,6.9,e6g6,6827,6376,20
Chess.com-2024.07.30,124,FormerProdigy,7.1,g4f6,,,20
Chess.com-2024.07.30,126,FormerProdigy,7.3,e5f6,,,20
Chess.com-2024.07.30,128,FormerProdigy,8.2,f6f7,,,20
Chess.com-2024.07.30,130,FormerProdigy,8.4,e3f4,,,20
Chess.com-2024.07.30,132,FormerProdigy,8.7,f7f8q,,,20
Chess.com-2024.07.30,134,FormerProdigy,9.3,f8g7,,,20
Chess.com-2024.09.03,59,FormerProdigy,8.8,c2a2,430,398,20
Chess.com-2024.09.03,61,FormerProdigy,9.3,a6b5,427,400,20
Chess.com-2024.09.03,63,FormerProdigy,9.6,a2a3,464,233,20
Chess.com-2024.09.03,69,FormerProdigy,9.4,d6d2,477,581,20
Chess.com-2024.09.03,71,FormerProdigy,9.5,h7h6,550,603,20
Chess.com-2024.09.03,73,FormerProdigy,7.3,h6g5,587,606,20
Chess.com-2024.09.03,75,FormerProdigy,8.2,c3c2,578,571,20
Chess.com-2024.09.03,77,FormerProdigy,4.6,b2d3,583,593,20
Chess.com-2024.09.03,79,FormerProdigy,3.7,f6e5,761,792,20
Chess.com-2024.09.03,81,FormerProdigy,3.4,d2f2,815,826,20
Chess.com-2024.09.03,83,FormerProdigy,3.5,c2f2,845,871,20
Chess.com-2024.09.03,75,FormerProdigy,7.0,d6c5,0,0,20
Chess.com-2024.09.03,77,FormerProdigy,7.0,a7a5,0,0,20
Chess.com-2024.09.03,79,FormerProdigy,6.2,c5d6,0,0,20
Chess.com-2024.09.03,81,FormerProdigy,5.3,d6c5,0,0,20
Chess.com-2024.09.03,83,FormerProdigy,5.4,c5e7,0,0,20
Chess.com-2024.09.03,85,FormerProdigy,4.7,e7c5,0,0,20
Chess.com-2024.09.03,87,FormerProdigy,4.4,c5d6,0,0,20
Chess.com-2024.09.03,89,FormerProdigy,4.2,e6f5,0,0,20
Chess.com-2024.09.03,91,FormerProdigy,3.6,f5e6,0,0,20
Chess.com-2024.09.03,47,FormerProdigy,6.3,b4b2,-836,-846,20
Chess.com-2024.09.03,49,FormerProdigy,5.1,e8f7,-837,-844,20
Chess.com-2024.09.03,51,FormerProdigy,4.4,a5b4,-594,-707,20
Chess.com-2024.09.03,53,FormerProdigy,4.5,h8c8,-704,-715,20
Chess.com-2024.09.03,55,FormerProdigy,5.0,b4b1,-708,-753,20
Chess.com-2024.09.03,57,FormerProdigy,3.0,c8c2,-784,-799,20
Chess.com-2024.09.03,59,FormerProdigy,3.7,b1b4,-798,-763,20
Chess.com-2024.09.03,61,FormerProdigy,2.2,b4b5,-532,-554,20
Chess.com-2024.09.03,63,FormerProdigy,2.0,b5c5,-553,-685,20
Chess.com-2024.09.03,65,FormerProdigy,2.4,c5d4,-376,-374,20
Chess.com-2024.09.03,67,FormerProdigy,2.1,c2d2,-271,-279,20
Chess.com-2024.09.03,69,FormerProdigy,2.6,d4e4,-272,-308,20
Chess.com-2024.09.03,71,FormerProdigy,3.1,f5e4,-279,-299,20
Chess.com-2024.09.03,73,FormerProdigy,4.0,f7f6,-287,-318,20
Chess.com-2024.09.03,75,FormerProdigy,4.5,d2b2,-335,-340,20
Chess.com-2024.09.03,77,FormerProdigy,5.0,b2b4,-341,-338,20
Chess.com-2024.09.03,79,FormerProdigy,5.6,h7h6,-337,-363,20
Chess.com-2024.09.03,81,FormerProdigy,5.3,f6e7,-358,-387,20
Chess.com-2024.09.03,83,FormerProdigy,4.8,b4b3,-281,-294,20
Chess.com-2024.09.03,85,FormerProdigy,4.4,b3b2,-56,-68,20
Chess.com-2024.09.03,87,FormerProdigy,4.8,b2h2,-68,-66,20
Chess.com-2024.09.03,89,FormerProdigy,5.3,h2b2,-34,-65,20
Chess.com-2024.09.03,91,FormerProdigy,6.2,b2b3,-57,-69,20
Chess.com-2024.09.03,93,FormerProdigy,6.6,b3b2,-56,-58,20
Chess.com-2024.09.03,95,FormerProdigy,6.9,b2b3,-55,-90,20
Chess.com-2024.09.03,97,FormerProdigy,7.5,e7f6,-60,-65,20
Chess.com-2024.09.03,99,FormerProdigy,7.3,g7g6,-53,-53,20
Chess.com-2024.09.03,101,FormerProdigy,6.3,h6h5,-52,-53,20
Chess.com-2024.09.03,103,FormerProdigy,6.6,b3b2,-49,-50,20
Chess.com-2024.09.03,105,FormerProdigy,5.8,b2b3,-44,-44,20
Chess.com-2024.09.03,107,FormerProdigy,6.2,b3b2,-46,-44,20
Chess.com-2024.09.03,109,FormerProdigy,6.7,b2b3,-47,-49,20
Chess.com-2024.09.03,111,FormerProdigy,6.9,g6g5,-42,-54,20
Chess.com-2024.09.03,113,FormerProdigy,6.5,b3b2,-1,-11,20
Chess.com-2024.09.03,115,FormerProdigy,5.9,b2b3,0,-48,20
Chess.com-2024.09.03,117,FormerProdigy,5.8,b3b2,0,0,20
Chess.com-2024.09.03,119,FormerProdigy,6.0,g5g4,0,0,20
Chess.com-2024.09.03,121,FormerProdigy,5.8,b2g2,0,0,20
Chess.com-2024.09.03,123,FormerProdigy,6.3,g2f2,0,0,20
Chess.com-2024.09.03,125,FormerProdigy,6.6,f2f3,0,0,20
Chess.com-2024.09.03,127,FormerProdigy,7.5,f3g3,0,0,20
Chess.com-2024.09.03,129,FormerProdigy,8.4,f6g5,0,0,20
Chess.com-2024.09.03,131,FormerProdigy,8.5,g5h4,0,0,20
Chess.com-2024.09.03,133,FormerProdigy,7.8,g3a3,0,0,20
Chess.com-2024.09.03,135,FormerProdigy,8.1,h4g3,0,0,20
Chess.com-2024.09.03,137,FormerProdigy,8.5,a3a4,0,0,20
Chess.com-2024.09.03,139,FormerProdigy,7.4,a4a7,0,0,20
Chess.com-2024.09.03,141,FormerProdigy,6.7,a7a4,0,0,20
Chess.com-2024.09.03,143,FormerProdigy,6.3,a4b4,0,0,20
Chess.com-2024.09.03,145,FormerProdigy,6.2,b4b2,0,0,20
Chess.com-2024.09.03,147,FormerProdigy,6.0,b2b3,0,0,20
Chess.com-2024.09.03,149,FormerProdigy,6.5,b3b2,0,0,20
Chess.com-2024.09.03,151,FormerProdigy,6.9,b2b4,0,0,20
Chess.com-2024.09.03,153,FormerProdigy,7.1,b4f4,0,0,20
Chess.com-2024.09.03,155,FormerProdigy,7.3,g3f3,0,0,20
Chess.com-2024.09.03,157,FormerProdigy,7.3,f4g4,0,0,20
Chess.com-2024.09.03,159,FormerProdigy,8.2,f3g4,0,0,20
Chess.com-2024.09.03,80,FormerProdigy,5.1,a7a5,-9,-27,20
Chess.com-2024.09.03,82,FormerProdigy,4.4,a5a6,-9,0,20
Chess.com-2024.09.03,84,FormerProdigy,4.1,a6b6,0,0,20
Chess.com-2024.09.03,86,FormerProdigy,3.6,f2f3,0,0,20
Chess.com-2024.09.03,88,FormerProdigy,3.2,g3e5,0,-43,20
Chess.com-2024.09.03,90,FormerProdigy,3.4,f3g3,-44,-584,20
Chess.com-2024.09.03,92,FormerProdigy,3.2,g3h3,-617,-638,20
Chess.com-2024.09.03,94,FormerProdigy,3.2,e5g3,-123,-155,20
Chess.com-2024.09.03,96,FormerProdigy,3.7,h3g2,-14,-16,20
Chess.com-2024.09.03,98,FormerProdigy,4.0,g3e5,0,-48,20
Chess.com-2024.09.03,100,FormerProdigy,3.7,g2g3,0,-11,20
Chess.com-2024.09.03,102,FormerProdigy,3.6,e5d4,-14,-42,20
Chess.com-2024.09.03,104,FormerProdigy,4.1,g3f4,-50,-36,20
Chess.com-2024.09.03,106,FormerProdigy,4.7,b6b5,-30,-30,20
Chess.com-2024.09.03,108,FormerProdigy,5.0,f4g3,-19,-42,20
Chess.com-2024.09.03,110,FormerProdigy,4.8,g3h3,-35,-70,20
Chess.com-2024.09.03,112,FormerProdigy,5.3,b5c5,-73,-243,20
Chess.com-2024.09.03,114,FormerProdigy,4.8,c5c8,-100,-99,20
Chess.com-2024.09.03,116,FormerProdigy,4.0,c8h8,-96,-246,20
Chess.com-2024.09.03,118,FormerProdigy,4.4,h8g8,-269,-287,20
Chess.com-2024.09.03,120,FormerProdigy,5.3,g8g7,-280,-262,20
Chess.com-2024.09.03,122,FormerProdigy,5.6,h3h2,-287,-293,20
Chess.com-2024.09.03,124,FormerProdigy,2.8,h2h3,-279,-288,20
Chess.com-2024.09.03,126,FormerProdigy,3.4,g7e7,-257,-486,20
Chess.com-2024.09.03,128,FormerProdigy,2.8,h3h4,-494,-493,20
Chess.com-2024.09.03,130,FormerProdigy,3.0,h4g5,-494,-503,20
Chess.com-2024.09.03,132,FormerProdigy,2.8,d4e5,-684,-760,20
Chess.com-2024.09.03,134,FormerProdigy,3.2,g5f6,-778,-843,20
Chess.com-2024.09.03,136,FormerProdigy,2.5,e7d7,-895,-912,20
Chess.com-2024.09.03,138,FormerProdigy,3.1,d7g7,-921,-948,20
Chess.com-2024.09.03,140,FormerProdigy,4.0,e5f4,-239,-312,20
Chess.com-2024.09.03,142,FormerProdigy,3.9,f6e5,-250,-958,20
Chess.com-2024.09.03,144,FormerProdigy,3.8,g7a7,-975,-994,20
Chess.com-2024.09.03,146,FormerProdigy,2.5,a7a1,-1012,-1016,20
Chess.com-2024.09.03,148,FormerProdigy,3.1,a1g1,-1091,-1101,20
Chess.com-2024.09.03,84,FormerProdigy,8.6,b4d4,0,0,20
Chess.com-2024.09.03,86,FormerProdigy,8.0,d4d6,93,15,20
Chess.com-2024.09.03,88,FormerProdigy,7.2,b6b7,0,-38,20
Chess.com-2024.09.03,90,FormerProdigy,4.1,c2b2,-31,-53,20
Chess.com-2024.09.03,92,FormerProdigy,4.7,d6d7,-29,-42,20
Chess.com-2024.09.03,94,FormerProdigy,3.8,d7c7,-48,-467,20
Chess.com-2024.09.03,96,FormerProdigy,3.8,c7c8,342,274,20
Chess.com-2024.09.03,98,FormerProdigy,3.5,b2b7,305,286,20
Chess.com-2024.09.03,100,FormerProdigy,4.4,f2f3,311,302,20
Chess.com-2024.09.03,102,FormerProdigy,4.5,f3e4,292,302,20
Chess.com-2024.09.03,104,FormerProdigy,4.8,e4d3,376,383,20
Chess.com-2024.09.03,106,FormerProdigy,5.0,c8c7,430,384,20
Chess.com-2024.09.03,108,FormerProdigy,4.0,c7g7,411,350,20
Chess.com-2024.09.03,110,FormerProdigy,3.7,b7b2,363,354,20
Chess.com-2024.09.03,112,FormerProdigy,3.6,h2h3,354,330,20
Chess.com-2024.09.03,114,FormerProdigy,4.0,g7c7,379,423,20
Chess.com-2024.09.03,116,FormerProdigy,3.5,d3e2,521,484,20
Chess.com-2024.09.03,118,FormerProdigy,3.6,e2f2,466,444,20
Chess.com-2024.09.03,120,FormerProdigy,4.2,b2a2,438,438,20
Chess.com-2024.09.03,122,FormerProdigy,3.5,a2d2,449,446,20
Chess.com-2024.09.03,124,FormerProdigy,3.4,c7a7,454,438,20
Chess.com-2024.09.03,126,FormerProdigy,3.8,d2a2,452,437,20
Chess.com-2024.09.03,128,FormerProdigy,3.6,a7a5,446,379,20
Chess.com-2024.09.03,130,FormerProdigy,4.5,a2d2,441,437,20
Chess.com-2024.09.03,132,FormerProdigy,4.2,a5a2,447,444,20
Chess.com-2024.09.03,134,FormerProdigy,4.7,a2c2,436,517,20
Chess.com-2024.09.03,136,FormerProdigy,5.1,c2c5,574,472,20
Chess.com-2024.09.03,138,FormerProdigy,4.9,c5c6,526,656,20
Chess.com-2024.09.03,140,FormerProdigy,5.8,d2d6,682,805,20
Chess.com-2024.09.03,142,FormerProdigy,5.9,d6f6,,,20
Chess.com-2024.09.03,144,FormerProdigy,5.6,f2g1,,,20
Chess.com-2024.10.29,81,FormerProdigy,9.6,f2c2,1070,791,20
Chess.com-2024.10.29,83,FormerProdigy,5.1,c2c8,5958,5731,20
Chess.com-2024.10.29,85,FormerProdigy,5.6,c8h8,,,20
Chess.com-2024.10.29,113,FormerProdigy,9.6,f4e6,,,20
Chess.com-2024.10.29,115,FormerProdigy,9.1,e7g7,,,20
Chess.com-2024.10.29,69,FormerProdigy,9.3,f5h6,98,101,20
Chess.com-2024.10.29,71,FormerProdigy,7.3,a1f1,104,0,20
Chess.com-2024.10.29,73,FormerProdigy,6.8,f1d1,0,0,20
Chess.com-2024.10.29,75,FormerProdigy,6.2,h7g6,0,-16,20
Chess.com-2024.10.29,77,FormerProdigy,6.3,h6f5,6,-121,20
Chess.com-2024.10.29,79,FormerProdigy,5.6,g6g7,0,0,20
Chess.com-2024.10.29,81,FormerProdigy,4.7,a8d8,47,-117,20
Chess.com-2024.10.29,83,FormerProdigy,2.9,d8d7,0,-60,20
Chess.com-2024.10.29,85,FormerProdigy,2.3,d7d8,0,0,20
Chess.com-2024.10.29,87,FormerProdigy,2.0,d8c7,0,-40,20
Chess.com-2024.10.29,89,FormerProdigy,2.1,c7e7,-31,-154,20
Chess.com-2024.10.29,91,FormerProdigy,2.7,d5e4,-120,-97,20
Chess.com-2024.10.29,93,FormerProdigy,3.6,e7d7,-110,-890,20
Chess.com-2024.10.29,95,FormerProdigy,4.4,d7d5,-10,0,20
Chess.com-2024.10.29,97,FormerProdigy,4.3,g7h6,0,0,20
Chess.com-2024.10.29,99,FormerProdigy,4.3,g5f4,0,0,20
Chess.com-2024.10.29,101,FormerProdigy,5.2,h6g6,0,-1073,20
Chess.com-2024.10.29,103,FormerProdigy,5.2,g6h6,0,-145,20
Chess.com-2024.10.29,105,FormerProdigy,5.5,f5e3,-69,-949,20
Chess.com-2024.10.29,107,FormerProdigy,4.7,h6g7,-1071,-1107,20
Chess.com-2024.10.29,109,FormerProdigy,4.6,d5c4,-1141,-1176,20
Chess.com-2024.10.29,111,FormerProdigy,4.7,g7f8,-1207,-1260,20
Chess.com-2024.10.29,113,FormerProdigy,4.2,f8e8,-1665,-6800,20
Chess.com-2024.10.29,115,FormerProdigy,3.9,c4d3,-1025,-1130,20
Chess.com-2024.10.29,117,FormerProdigy,3.5,d3g6,-1054,-1155,20
Chess.com-2024.10.29,119,FormerProdigy,3.1,g6d3,-1055,-1200,20
Chess.com-2024.10.29,121,FormerProdigy,2.6,d3e4,-1230,,20
Chess.com-2024.10.29,123,FormerProdigy,2.4,e4e5,-968,-959,20
Chess.com-2024.10.29,125,FormerProdigy,2.6,e5c3,-842,,20
Chess.com-2024.10.29,127,FormerProdigy,2.4,e8d7,,,20
Chess.com-2024.10.29,79,FormerProdigy,2.4,h8g7,-315,-365,20
Chess.com-2024.10.29,81,FormerProdigy,1.7,g7g8,-191,-219,20
Chess.com-2024.10.29,83,FormerProdigy,1.5,h7g6,-161,-746,20
Chess.com-2024.12.17,50,FormerProdigy,6.3,b6e3,-319,-325,20
Chess.com-2024.12.17,52,FormerProdigy,4.8,b3e6,-165,-203,20
Chess.com-2024.12.17,54,FormerProdigy,4.1,e1c1,-204,-263,20
Chess.com-2024.12.17,56,FormerProdigy,5.0,c1b1,-195,-221,20
Chess.com-2024.12.17,58,FormerProdigy,5.6,e3d4,-198,-373,20
Chess.com-2024.12.17,60,FormerProdigy,4.2,d1d3,-379,-369,20
Chess.com-2024.12.17,62,FormerProdigy,4.1,d3h3,-322,-425,20
Chess.com-2024.12.17,64,FormerProdigy,3.9,d4c3,-178,-191,20
Chess.com-2024.12.17,66,FormerProdigy,4.5,b1a2,-88,-140,20
Chess.com-2024.12.17,68,FormerProdigy,4.2,h3f3,0,-247,20
Chess.com-2024.12.17,70,FormerProdigy,3.6,f3d3,-244,-253,20
Chess.com-2024.12.17,72,FormerProdigy,4.0,d3d8,-281,-310,20
Chess.com-2024.12.17,74,FormerProdigy,4.1,b4d5,296,296,20
Chess.com-2024.12.17,76,FormerProdigy,4.2,d5f6,323,307,20
Chess.com-2024.12.17,78,FormerProdigy,3.8,c3f6,337,335,20
Chess.com-2024.12.17,80,FormerProdigy,4.2,d8d7,337,341,20
Chess.com-2024.12.17,82,FormerProdigy,5.1,d7b7,445,473,20
Chess.com-2024.12.17,84,FormerProdigy,6.0,b7b6,481,481,20
Chess.com-2024.12.17,86,FormerProdigy,5.9,b6a6,478,307,20
Chess.com-2024.12.17,88,FormerProdigy,6.1,a6a8,393,556,20
Chess.com-2024.12.17,90,FormerProdigy,5.9,b2b4,768,417,20
Chess.com-2024.12.17,92,FormerProdigy,3.6,a8g8,447,358,20
Chess.com-2024.12.17,94,FormerProdigy,3.1,a2b3,438,521,20
Chess.com-2024.12.17,96,FormerProdigy,2.7,b4b5,504,438,20
Chess.com-2024.12.17,98,FormerProdigy,2.4,b3b4,501,159,20
Chess.com-2024.12.17,100,FormerProdigy,2.3,g8f8,142,146,20
Chess.com-2024.12.17,102,FormerProdigy,1.7,f8f1,731,795,20
Chess.com-2024.12.17,77,FormerProdigy,9.9,e5d6,-636,-641,20
Chess.com-2024.12.17,79,FormerProdigy,9.8,f7e6,-738,-753,20
Chess.com-2024.12.17,81,FormerProdigy,9.1,d6c5,-757,-757,20
Chess.com-2024.12.17,83,FormerProdigy,9.4,c5b6,-757,-845,20
Chess.com-2024.12.17,85,FormerProdigy,6.3,e6f7,-995,-1154,20
Chess.com-2024.12.17,87,FormerProdigy,5.3,b6c5,-1223,-1256,20
Chess.com-2024.12.17,89,FormerProdigy,4.7,c5e7,-1179,-1555,20
Chess.com-2024.12.17,91,FormerProdigy,2.6,e7f8,-1092,-1237,20
Chess.com-2024.12.17,93,FormerProdigy,2.8,b5b4,-1424,-1872,20
Chess.com-2024.12.17,95,FormerProdigy,2.9,f8b4,-1790,-1637,20
Chess.com-2024.12.17,97,FormerProdigy,3.8,b4e1,-1532,-6024,20
Chess.com-2024.12.17,99,FormerProdigy,3.6,f7g6,,,20
Chess.com-2024.12.17,101,FormerProdigy,3.1,g6f5,,,20
Chess.com-2024.12.17,104,FormerProdigy,7.3,a6a7,311,80,20
Chess.com-2024.12.17,106,FormerProdigy,6.7,b5b6,54,92,20
Chess.com-2024.12.17,108,FormerProdigy,6.3,c7c5,368,670,20
Chess.com-2024.12.17,110,FormerProdigy,5.8,b6a7,733,850,20
Chess.com-2024.12.17,112,FormerProdigy,6.7,a7b6,787,913,20
Chess.com-2024.12.17,114,FormerProdigy,6.5,g2h3,913,915,20
Chess.com-2024.12.17,116,FormerProdigy,3.6,c5c3,924,916,20
Chess.com-2024.12.17,118,FormerProdigy,1.8,c3h3,925,917,20
Chess.com-2024.12.17,120,FormerProdigy,2.6,h3h8,925,1646,20
Chess.com-2024.12.17,122,FormerProdigy,1.8,b6c5,5454,5497,20
Chess.com-2024.12.17,124,FormerProdigy,2.4,c5d4,5552,,20
Chess.com-2024.12.17,126,FormerProdigy,3.2,d4e3,,,20
Chess.com-2024.12.17,128,FormerProdigy,3.9,h8g8,,,20
Chess.com-2024.12.17,130,FormerProdigy,4.3,e3f3,,,20
Chess.com-2024.12.17,132,FormerProdigy,5.2,f3f2,,,20
Chess.com-2024.12.17,134,FormerProdigy,5.5,g8h8,,,20
Chess.com-2024.12.17,93,FormerProdigy,8.0,f7g6,862,895,20
Chess.com-2024.12.17,47,FormerProdigy,4.3,f6e4,-44,-58,20
Chess.com-2024.12.17,49,FormerProdigy,4.3,e8e4,-50,-59,20
Chess.com-2024.12.17,51,FormerProdigy,5.2,c8e8,0,0,20
Chess.com-2024.12.17,53,FormerProdigy,5.2,e4e1,0,0,20
Chess.com-2024.12.17,55,FormerProdigy,4.6,d5e3,0,0,20
Chess.com-2024.12.17,57,FormerProdigy,4.5,e3g4,85,74,20
Chess.com-2024.12.17,59,FormerProdigy,3.9,e8e3,77,-58,20
Chess.com-2024.12.17,61,FormerProdigy,3.2,e3e1,-45,-63,20
Chess.com-2024.12.17,63,FormerProdigy,3.1,g4e3,-45,-171,20
Chess.com-2024.12.17,65,FormerProdigy,3.4,c3c2,-195,-156,20
Chess.com-2024.12.17,67,FormerProdigy,3.9,g8g7,-131,-115,20
Chess.com-2024.12.17,69,FormerProdigy,4.2,e3c2,-96,-161,20
Chess.com-2024.12.17,71,FormerProdigy,4.9,e1e3,0,-46,20
Chess.com-2024.12.17,73,FormerProdigy,5.4,e3d3,-54,-43,20
Chess.com-2024.12.17,75,FormerProdigy,5.8,c2d4,0,-13,20
Chess.com-2024.12.17,77,FormerProdigy,3.0,d4b5,21,0,20
Chess.com-2024.12.17,79,FormerProdigy,2.6,d3b3,0,0,20
Chess.com-2024.12.17,81,FormerProdigy,2.6,b5d4,229,221,20
Chess.com-2024.12.17,83,FormerProdigy,2.5,b3b2,241,238,20
Chess.com-2024.12.17,85,FormerProdigy,2.9,b2h2,278,249,20
Chess.com-2024.12.17,87,FormerProdigy,1.8,d4f3,453,392,20
Chess.com-2024.12.17,66,FormerProdigy,9.4,e5e6,1319,1143,20
Chess.com-2024.12.17,68,FormerProdigy,9.2,e6e7,2807,1819,20
Chess.com-2024.12.17,50,FormerProdigy,9.3,d5e4,1145,2807,20
Chess.com-2024.12.17,52,FormerProdigy,6.1,g6e6,2398,2772,20
Chess.com-2024.12.31,66,FormerProdigy,8.4,g4f4,-702,-764,20
Chess.com-2024.12.31,68,FormerProdigy,8.9,f4h6,-753,-776,20
Chess.com-2024.12.31,70,FormerProdigy,8.6,c1f1,-791,-783,20
Chess.com-2024.12.31,72,FormerProdigy,8.2,h6d2,-715,-708,20
Chess.com-2024.12.31,74,FormerProdigy,7.9,a2a4,-630,-653,20
Chess.com-2024.12.31,76,FormerProdigy,5.4,d2c2,-647,-1010,20
Chess.com-2024.12.31,78,FormerProdigy,4.0,c2h7,-1007,,20
Chess.com-2024.12.31,80,FormerProdigy,4.0,h7g8,,,20
Chess.com-2024.12.31,82,FormerProdigy,3.8,f1f2,,,20
Chess.com-2024.12.31,72,FormerProdigy,9.5,h4g5,-17,-13,20
Chess.com-2024.12.31,78,FormerProdigy,9.9,f7b7,0,0,20
Chess.com-2024.12.31,82,FormerProdigy,9.6,h2h3,0,0,20
Chess.com-2024.12.31,84,FormerProdigy,8.2,b4b5,0,0,20
Chess.com-2024.12.31,86,FormerProdigy,6.3,b3b4,0,0,20
Chess.com-2024.12.31,88,FormerProdigy,5.7,h3h4,0,0,20
Chess.com-2024.12.31,90,FormerProdigy,4.4,h4g3,0,0,20
Chess.com-2024.12.31,92,FormerProdigy,4.2,b5b6,0,0,20
Chess.com-2024.12.31,94,FormerProdigy,4.0,b4b5,0,-13,20
Chess.com-2024.12.31,96,FormerProdigy,4.3,b6b8,-4,-12,20
Chess.com-2024.12.31,98,FormerProdigy,4.4,g3h2,0,0,20
Chess.com-2024.12.31,100,FormerProdigy,4.4,b5b6,0,0,20
Chess.com-2024.12.31,102,FormerProdigy,4.6,b6b7,0,0,20
Chess.com-2024.12.31,104,FormerProdigy,2.7,b8c8,0,-3,20
Chess.com-2024.12.31,106,FormerProdigy,3.2,c8c4,0,0,20
Chess.com-2024.12.31,108,FormerProdigy,4.1,c4a4,0,0,20
Chess.com-2024.12.31,110,FormerProdigy,4.0,a4b4,0,0,20
Chess.com-2024.12.31,112,FormerProdigy,4.2,b4a4,0,0,20
Chess.com-2024.12.31,114,FormerProdigy,4.7,a4a5,0,0,20
Chess.com-2024.12.31,116,FormerProdigy,4.7,a5b5,0,0,20
Chess.com-2024.12.31,118,FormerProdigy,5.0,b5a5,0,0,20
Chess.com-2024.12.31,120,FormerProdigy,5.3,a5b5,0,0,20
Chess.com-2024.12.31,122,FormerProdigy,5.8,b5b4,0,0,20
Chess.com-2024.12.31,124,FormerProdigy,6.1,b4b5,0,0,20
Chess.com-2024.12.31,126,FormerProdigy,7.0,b5a5,0,0,20
Chess.com-2024.12.31,128,FormerProdigy,7.2,a5b5,0,0,20
Chess.com-2024.12.31,130,FormerProdigy,7.4,h2h3,0,0,20
Chess.com-2024.12.31,132,FormerProdigy,7.2,h3h2,0,0,20
Chess.com-2024.12.31,134,FormerProdigy,6.5,b5b6,0,0,20
Chess.com-2024.12.31,136,FormerProdigy,6.3,b6b8,0,0,20
Chess.com-2024.12.31,138,FormerProdigy,6.7,b8b5,0,0,20
Chess.com-2024.12.31,140,FormerProdigy,6.8,b5b4,0,0,20
Chess.com-2024.12.31,142,FormerProdigy,7.1,b4b5,0,0,20
Chess.com-2024.12.31,144,FormerProdigy,8.0,b5a5,0,0,20
Chess.com-2024.12.31,146,FormerProdigy,8.2,a5a6,0,0,20
Chess.com-2024.12.31,148,FormerProdigy,8.5,a6a5,0,0,20
Chess.com-2024.12.31,150,FormerProdigy,8.5,a5a4,0,0,20
Chess.com-2024.12.31,152,FormerProdigy,7.9,a4a5,0,0,20
Chess.com-2024.12.31,154,FormerProdigy,8.1,a5a1,0,0,20
Chess.com-2024.12.31,156,FormerProdigy,8.3,a1b1,0,0,20
Chess.com-2024.12.31,158,FormerProdigy,8.1,b1a1,0,0,20
Chess.com-2024.12.31,160,FormerProdigy,8.3,g2g3,0,0,20
Chess.com-2024.12.31,162,FormerProdigy,8.4,h2g2,0,-4,20
Chess.com-2024.12.31,164,FormerProdigy,8.6,g2g1,-4,0,20
Chess.com-2024.12.31,166,FormerProdigy,9.1,a1a3,0,0,20
Chess.com-2024.12.31,168,FormerProdigy,9.1,a3g3,0,0,20
Chess.com-2024.12.31,170,FormerProdigy,8.8,g3g2,0,0,20
Chess.com-2024.12.31,172,FormerProdigy,9.2,g1h2,0,0,20
Chess.com-2024.12.31,174,FormerProdigy,9.4,g2g3,0,0,20
Chess.com-2024.12.31,176,FormerProdigy,9.7,h2h1,0,0,20
Chess.com-2024.12.31,64,FormerProdigy,8.0,a1b2,-181,-723,20
Chess.com-2024.12.31,66,FormerProdigy,8.4,f3f2,-52,-51,20
Chess.com-2024.12.31,68,FormerProdigy,7.5,g1g4,-43,-37,20
Chess.com-2024.12.31,70,FormerProdigy,8.4,c1d2,-54,-900,20
Chess.com-2024.12.31,72,FormerProdigy,6.9,b2c2,-906,-944,20
Chess.com-2024.12.31,74,FormerProdigy,7.2,c2b2,-992,-996,20
Chess.com-2024.12.31,76,FormerProdigy,7.3,h5f4,-1058,,20
Chess.com-2024.12.31,78,FormerProdigy,1.9,b2a1,,,20
Chess.com-2024.12.31,80,FormerProdigy,9.6,c5c6,654,642,20
Chess.com-2024.12.31,82,FormerProdigy,7.2,c6c7,650,695,20
Chess.com-2024.12.31,84,FormerProdigy,7.4,f2g1,738,740,20
Chess.com-2024.12.31,86,FormerProdigy,5.7,c7c8q,742,869,20
Chess.com-2024.12.31,88,FormerProdigy,5.9,g1f2,894,908,20
Chess.com-2024.12.31,90,FormerProdigy,5.3,c8c5,5750,6003,20
